trip_id,user_id,start_ts,end_ts,weekday,trip_purpose,main_mode,modes_used,distance_km,duration_min,estimated_cost_eur,ticket_product_used,is_commute,is_recurring_pattern,planning_style,priority_reason,origin.city,origin.place_type,origin.label,destination.city,destination.place_type,destination.label
trip_001,e88e1ae5-36ba-4c54-a19f-cddf6c36b8c2,2026-01-04T08:00:00,2026-01-04T08:40:00,tuesday,commute,public_transport,walking|public_transport|shared_scooter,13.0,40,0.0,monthly_pass,True,True,routine,"Fast, low‑stress sustainable commute using public transport and e‑scooter as last mile, matching monthly pass.",Berlin,home,Kreuzberg Apartment,Berlin,work,Tech Hub Berlin
trip_002,e88e1ae5-36ba-4c54-a19f-cddf6c36b8c2,2026-01-04T17:30:00,2026-01-04T18:10:00,tuesday,return_home,public_transport,walking|public_transport|walking,12.8,40,0.0,monthly_pass,True,True,routine,"Reliable S‑Bahn back home after work, keeping travel stress low and using the monthly pass.",Berlin,work,Tech Hub Berlin,Berlin,home,Kreuzberg Apartment
trip_003,e88e1ae5-36ba-4c54-a19f-cddf6c36b8c2,2026-01-05T08:00:00,2026-01-05T08:40:00,wednesday,commute,public_transport,walking|public_transport|shared_scooter,13.0,40,0.0,monthly_pass,True,True,routine,Consistent weekday commute using preferred sustainable modes.,Berlin,home,Kreuzberg Apartment,Berlin,work,Tech Hub Berlin
trip_004,e88e1ae5-36ba-4c54-a19f-cddf6c36b8c2,2026-01-05T17:30:00,2026-01-05T18:10:00,wednesday,return_home,public_transport,walking|public_transport|walking,12.8,40,0.0,monthly_pass,True,True,routine,Standard return using S‑Bahn and short walks.,Berlin,work,Tech Hub Berlin,Berlin,home,Kreuzberg Apartment
trip_005,e88e1ae5-36ba-4c54-a19f-cddf6c36b8c2,2026-01-06T08:00:00,2026-01-06T08:40:00,thursday,commute,public_transport,walking|public_transport|shared_scooter,13.0,40,0.0,monthly_pass,True,True,routine,Regular commute with preferred sustainable mix of PT and e‑scooter.,Berlin,home,Kreuzberg Apartment,Berlin,work,Tech Hub Berlin
trip_006,e88e1ae5-36ba-4c54-a19f-cddf6c36b8c2,2026-01-06T17:30:00,2026-01-06T18:10:00,thursday,return_home,public_transport,walking|public_transport|walking,12.8,40,0.0,monthly_pass,True,True,routine,Standard return home after office hours.,Berlin,work,Tech Hub Berlin,Berlin,home,Kreuzberg Apartment
trip_007,e88e1ae5-36ba-4c54-a19f-cddf6c36b8c2,2026-01-06T19:00:00,2026-01-06T19:15:00,thursday,leisure,bike,bike|walking,3.4,15,0.0,none,False,False,spontaneous,Evening dinner using bike aligns with sustainability and fitness goals.,Berlin,home,Kreuzberg Apartment,Berlin,restaurant,Kreuzberg Bistro
trip_008,e88e1ae5-36ba-4c54-a19f-cddf6c36b8c2,2026-01-06T21:30:00,2026-01-06T21:45:00,thursday,return_home,bike,walking|bike,3.4,15,0.0,none,False,False,spontaneous,Bike back home keeps night travel low‑impact.,Berlin,restaurant,Kreuzberg Bistro,Berlin,home,Kreuzberg Apartment
trip_009,e88e1ae5-36ba-4c54-a19f-cddf6c36b8c2,2026-01-08T11:00:00,2026-01-08T11:28:00,saturday,leisure,public_transport,walking|public_transport|walking,6.6,28,0.0,monthly_pass,False,False,spontaneous,"Weekend cultural visit using tram, fitting her interest in culture.",Berlin,home,Kreuzberg Apartment,Berlin,culture,Museum Island
trip_010,e88e1ae5-36ba-4c54-a19f-cddf6c36b8c2,2026-01-08T15:00:00,2026-01-08T15:28:00,saturday,return_home,public_transport,walking|public_transport|walking,6.6,28,0.0,monthly_pass,False,False,spontaneous,Return home after museum using same sustainable route.,Berlin,culture,Museum Island,Berlin,home,Kreuzberg Apartment
trip_011,e88e1ae5-36ba-4c54-a19f-cddf6c36b8c2,2026-01-09T10:00:00,2026-01-09T10:20:00,sunday,leisure,bike,bike|walking,5.4,20,0.0,none,False,False,spontaneous,Morning bike ride to park for jogging aligns with fitness habit.,Berlin,home,Kreuzberg Apartment,Berlin,park,Tempelhofer Feld
trip_012,e88e1ae5-36ba-4c54-a19f-cddf6c36b8c2,2026-01-09T18:00:00,2026-01-09T18:20:00,sunday,return_home,bike,walking|bike,5.4,20,0.0,none,False,False,spontaneous,"Bike back home after park visit, keeping travel eco‑friendly.",Berlin,park,Tempelhofer Feld,Berlin,home,Kreuzberg Apartment
trip_013,e88e1ae5-36ba-4c54-a19f-cddf6c36b8c2,2026-01-11T08:00:00,2026-01-11T08:40:00,monday,commute,public_transport,walking|public_transport|shared_scooter,13.0,40,0.0,monthly_pass,True,True,routine,Regular Monday commute using PT and e‑scooter.,Berlin,home,Kreuzberg Apartment,Berlin,work,Tech Hub Berlin
trip_014,e88e1ae5-36ba-4c54-a19f-cddf6c36b8c2,2026-01-11T17:30:00,2026-01-11T18:10:00,monday,return_home,public_transport,walking|public_transport|walking,12.8,40,0.0,monthly_pass,True,True,routine,Standard return home after work.,Berlin,work,Tech Hub Berlin,Berlin,home,Kreuzberg Apartment
trip_015,e88e1ae5-36ba-4c54-a19f-cddf6c36b8c2,2026-01-12T08:00:00,2026-01-12T08:40:00,tuesday,commute,public_transport,walking|public_transport|shared_scooter,13.0,40,0.0,monthly_pass,True,True,routine,Tuesday commute using PT and e‑scooter.,Berlin,home,Kreuzberg Apartment,Berlin,work,Tech Hub Berlin
trip_016,e88e1ae5-36ba-4c54-a19f-cddf6c36b8c2,2026-01-12T17:30:00,2026-01-12T18:10:00,tuesday,return_home,public_transport,walking|public_transport|walking,12.8,40,0.0,monthly_pass,True,True,routine,Return home after Tuesday work.,Berlin,work,Tech Hub Berlin,Berlin,home,Kreuzberg Apartment
trip_017,e88e1ae5-36ba-4c54-a19f-cddf6c36b8c2,2026-01-13T08:00:00,2026-01-13T08:40:00,wednesday,commute,public_transport,walking|public_transport|shared_scooter,13.0,40,0.0,monthly_pass,True,True,routine,Mid‑week commute using PT and e‑scooter.,Berlin,home,Kreuzberg Apartment,Berlin,work,Tech Hub Berlin
trip_018,e88e1ae5-36ba-4c54-a19f-cddf6c36b8c2,2026-01-13T17:30:00,2026-01-13T18:10:00,wednesday,return_home,public_transport,walking|public_transport|walking,12.8,40,0.0,monthly_pass,True,True,routine,Standard return after work.,Berlin,work,Tech Hub Berlin,Berlin,home,Kreuzberg Apartment
trip_019,e88e1ae5-36ba-4c54-a19f-cddf6c36b8c2,2026-01-13T19:00:00,2026-01-13T19:12:00,wednesday,leisure,shared_bike,shared_bike|walking,2.8,12,0.0,none,False,False,spontaneous,"Evening movie using shared bike, fitting her nightlife interest.",Berlin,home,Kreuzberg Apartment,Berlin,cinema,CineStar Berlin
trip_020,e88e1ae5-36ba-4c54-a19f-cddf6c36b8c2,2026-01-13T22:00:00,2026-01-13T22:12:00,wednesday,return_home,shared_bike,walking|shared_bike,2.8,12,0.0,none,False,False,spontaneous,"Return home after cinema using shared bike, low‑impact night travel.",Berlin,cinema,CineStar Berlin,Berlin,home,Kreuzberg Apartment
trip_021,e88e1ae5-36ba-4c54-a19f-cddf6c36b8c2,2026-01-15T08:00:00,2026-01-15T08:40:00,friday,commute,public_transport,walking|public_transport|shared_scooter,13.0,40,0.0,monthly_pass,True,True,routine,Friday commute using PT and e‑scooter.,Berlin,home,Kreuzberg Apartment,Berlin,work,Tech Hub Berlin
trip_022,e88e1ae5-36ba-4c54-a19f-cddf6c36b8c2,2026-01-15T17:30:00,2026-01-15T18:10:00,friday,return_home,public_transport,walking|public_transport|walking,12.8,40,0.0,monthly_pass,True,True,routine,Standard Friday return home.,Berlin,work,Tech Hub Berlin,Berlin,home,Kreuzberg Apartment
trip_023,e88e1ae5-36ba-4c54-a19f-cddf6c36b8c2,2026-01-15T19:30:00,2026-01-15T19:45:00,friday,leisure,bike,bike|walking,3.4,15,0.0,none,False,False,spontaneous,"Friday night dinner by bike, aligning with fitness and sustainability.",Berlin,home,Kreuzberg Apartment,Berlin,restaurant,Kreuzberg Grill
trip_024,e88e1ae5-36ba-4c54-a19f-cddf6c36b8c2,2026-01-15T22:30:00,2026-01-15T22:45:00,friday,return_home,bike,walking|bike,3.4,15,0.0,none,False,False,spontaneous,"Bike back home after dinner, keeping night travel low‑impact.",Berlin,restaurant,Kreuzberg Grill,Berlin,home,Kreuzberg Apartment
trip_025,e88e1ae5-36ba-4c54-a19f-cddf6c36b8c2,2026-01-18T08:00:00,2026-01-18T08:40:00,monday,commute,public_transport,walking|public_transport|shared_scooter,13.0,40,0.0,monthly_pass,True,True,routine,Monday commute using PT and e‑scooter.,Berlin,home,Kreuzberg Apartment,Berlin,work,Tech Hub Berlin
trip_026,e88e1ae5-36ba-4c54-a19f-cddf6c36b8c2,2026-01-18T17:30:00,2026-01-18T18:10:00,monday,return_home,public_transport,walking|public_transport|walking,12.8,40,0.0,monthly_pass,True,True,routine,Standard Monday return home.,Berlin,work,Tech Hub Berlin,Berlin,home,Kreuzberg Apartment
trip_027,e88e1ae5-36ba-4c54-a19f-cddf6c36b8c2,2026-01-19T08:00:00,2026-01-19T08:40:00,tuesday,commute,public_transport,walking|public_transport|shared_scooter,13.0,40,0.0,monthly_pass,True,True,routine,Tuesday commute using PT and e‑scooter.,Berlin,home,Kreuzberg Apartment,Berlin,work,Tech Hub Berlin
trip_028,e88e1ae5-36ba-4c54-a19f-cddf6c36b8c2,2026-01-19T17:30:00,2026-01-19T18:10:00,tuesday,return_home,public_transport,walking|public_transport|walking,12.8,40,0.0,monthly_pass,True,True,routine,Standard Tuesday return home.,Berlin,work,Tech Hub Berlin,Berlin,home,Kreuzberg Apartment
trip_029,e88e1ae5-36ba-4c54-a19f-cddf6c36b8c2,2026-01-20T08:00:00,2026-01-20T08:40:00,wednesday,commute,public_transport,walking|public_transport|shared_scooter,13.0,40,0.0,monthly_pass,True,True,routine,Mid‑week commute using PT and e‑scooter.,Berlin,home,Kreuzberg Apartment,Berlin,work,Tech Hub Berlin
trip_030,e88e1ae5-36ba-4c54-a19f-cddf6c36b8c2,2026-01-20T17:30:00,2026-01-20T18:10:00,wednesday,return_home,public_transport,walking|public_transport|walking,12.8,40,0.0,monthly_pass,True,True,routine,Standard Wednesday return home.,Berlin,work,Tech Hub Berlin,Berlin,home,Kreuzberg Apartment
trip_031,e88e1ae5-36ba-4c54-a19f-cddf6c36b8c2,2026-01-20T19:00:00,2026-01-20T19:10:00,wednesday,leisure,shared_scooter,shared_scooter|walking,2.0,10,0.0,none,False,False,spontaneous,"Evening workout using shared scooter, matching fitness habit.",Berlin,home,Kreuzberg Apartment,Berlin,fitness,FitX Gym
trip_032,e88e1ae5-36ba-4c54-a19f-cddf6c36b8c2,2026-01-20T21:00:00,2026-01-20T21:10:00,wednesday,return_home,shared_scooter,walking|shared_scooter,2.0,10,0.0,none,False,False,spontaneous,"Scooter back home after workout, low‑stress night travel.",Berlin,fitness,FitX Gym,Berlin,home,Kreuzberg Apartment
trip_033,e88e1ae5-36ba-4c54-a19f-cddf6c36b8c2,2026-01-22T08:00:00,2026-01-22T08:40:00,friday,commute,public_transport,walking|public_transport|shared_scooter,13.0,40,0.0,monthly_pass,True,True,routine,Friday commute using PT and e‑scooter.,Berlin,home,Kreuzberg Apartment,Berlin,work,Tech Hub Berlin
trip_034,e88e1ae5-36ba-4c54-a19f-cddf6c36b8c2,2026-01-22T17:30:00,2026-01-22T18:10:00,friday,return_home,public_transport,walking|public_transport|walking,12.8,40,0.0,monthly_pass,True,True,routine,Standard Friday return home.,Berlin,work,Tech Hub Berlin,Berlin,home,Kreuzberg Apartment
trip_035,e88e1ae5-36ba-4c54-a19f-cddf6c36b8c2,2026-01-23T11:00:00,2026-01-23T11:28:00,saturday,leisure,public_transport,walking|public_transport|walking,6.6,28,0.0,monthly_pass,False,False,spontaneous,Weekend museum visit using tram.,Berlin,home,Kreuzberg Apartment,Berlin,culture,Museum Island
trip_036,e88e1ae5-36ba-4c54-a19f-cddf6c36b8c2,2026-01-23T15:00:00,2026-01-23T15:28:00,saturday,return_home,public_transport,walking|public_transport|walking,6.6,28,0.0,monthly_pass,False,False,spontaneous,Return home after museum.,Berlin,culture,Museum Island,Berlin,home,Kreuzberg Apartment
trip_037,e88e1ae5-36ba-4c54-a19f-cddf6c36b8c2,2026-01-24T10:00:00,2026-01-24T10:20:00,sunday,leisure,bike,bike|walking,5.4,20,0.0,none,False,False,spontaneous,Sunday bike ride to park for leisure.,Berlin,home,Kreuzberg Apartment,Berlin,park,Tempelhofer Feld
trip_038,e88e1ae5-36ba-4c54-a19f-cddf6c36b8c2,2026-01-24T18:00:00,2026-01-24T18:20:00,sunday,return_home,bike,walking|bike,5.4,20,0.0,none,False,False,spontaneous,Bike back home after park.,Berlin,park,Tempelhofer Feld,Berlin,home,Kreuzberg Apartment
trip_039,e88e1ae5-36ba-4c54-a19f-cddf6c36b8c2,2026-01-25T08:00:00,2026-01-25T08:40:00,monday,commute,public_transport,walking|public_transport|shared_scooter,13.0,40,0.0,monthly_pass,True,True,routine,Monday commute using PT and e‑scooter.,Berlin,home,Kreuzberg Apartment,Berlin,work,Tech Hub Berlin
trip_040,e88e1ae5-36ba-4c54-a19f-cddf6c36b8c2,2026-01-25T17:30:00,2026-01-25T18:10:00,monday,return_home,public_transport,walking|public_transport|walking,12.8,40,0.0,monthly_pass,True,True,routine,Standard Monday return home.,Berlin,work,Tech Hub Berlin,Berlin,home,Kreuzberg Apartment
trip_001,3f859783-6540-4cb2-a938-903a10758b05,2026-01-02T07:30:00,2026-01-02T07:55:00,monday,commute,public_transport,walking|public_transport|shared_scooter,7.4,25,0.0,monthly_pass,True,True,planned,Regular office commute using preferred sustainable modes.,Hamburg,home,"Altona, Hamburg",Hamburg,work,"Consulting Office, Jungfernstieg"
trip_002,3f859783-6540-4cb2-a938-903a10758b05,2026-01-02T17:30:00,2026-01-02T17:55:00,monday,commute,public_transport,shared_scooter|public_transport|walking,7.4,25,0.0,monthly_pass,True,True,planned,Standard return home after work using eco‑friendly options.,Hamburg,work,"Consulting Office, Jungfernstieg",Hamburg,home,"Altona, Hamburg"
trip_003,3f859783-6540-4cb2-a938-903a10758b05,2026-01-03T07:30:00,2026-01-03T07:55:00,tuesday,commute,public_transport,walking|public_transport|shared_scooter,7.4,25,0.0,monthly_pass,True,True,planned,Routine weekday commute.,Hamburg,home,"Altona, Hamburg",Hamburg,work,"Consulting Office, Jungfernstieg"
trip_004,3f859783-6540-4cb2-a938-903a10758b05,2026-01-03T17:30:00,2026-01-03T17:55:00,tuesday,commute,public_transport,shared_scooter|public_transport|walking,7.4,25,0.0,monthly_pass,True,True,planned,Standard return home.,Hamburg,work,"Consulting Office, Jungfernstieg",Hamburg,home,"Altona, Hamburg"
trip_005,3f859783-6540-4cb2-a938-903a10758b05,2026-01-04T07:30:00,2026-01-04T07:55:00,wednesday,commute,public_transport,walking|public_transport|shared_scooter,7.4,25,0.0,monthly_pass,True,True,planned,Routine commute.,Hamburg,home,"Altona, Hamburg",Hamburg,work,"Consulting Office, Jungfernstieg"
trip_006,3f859783-6540-4cb2-a938-903a10758b05,2026-01-04T17:30:00,2026-01-04T17:55:00,wednesday,commute,public_transport,shared_scooter|public_transport|walking,7.4,25,0.0,monthly_pass,True,True,planned,Standard return home.,Hamburg,work,"Consulting Office, Jungfernstieg",Hamburg,home,"Altona, Hamburg"
trip_007,3f859783-6540-4cb2-a938-903a10758b05,2026-01-05T07:30:00,2026-01-05T07:55:00,thursday,commute,public_transport,walking|public_transport|shared_scooter,7.4,25,0.0,monthly_pass,True,True,planned,Thursday commute.,Hamburg,home,"Altona, Hamburg",Hamburg,work,"Consulting Office, Jungfernstieg"
trip_008,3f859783-6540-4cb2-a938-903a10758b05,2026-01-05T17:30:00,2026-01-05T17:55:00,thursday,commute,public_transport,shared_scooter|public_transport|walking,7.4,25,0.0,monthly_pass,True,True,planned,Return home after Thursday work.,Hamburg,work,"Consulting Office, Jungfernstieg",Hamburg,home,"Altona, Hamburg"
trip_009,3f859783-6540-4cb2-a938-903a10758b05,2026-01-05T18:30:00,2026-01-05T18:40:00,thursday,leisure,shared_scooter,shared_scooter|walking,1.5,10,2.0,none,False,True,planned,"Evening gym visit after work, matching active lifestyle.",Hamburg,work,"Consulting Office, Jungfernstieg",Hamburg,fitness,"FitX Gym, St. Pauli"
trip_010,3f859783-6540-4cb2-a938-903a10758b05,2026-01-09T07:30:00,2026-01-09T07:55:00,monday,commute,public_transport,walking|public_transport|shared_scooter,7.4,25,0.0,monthly_pass,True,True,planned,Monday commute.,Hamburg,home,"Altona, Hamburg",Hamburg,work,"Consulting Office, Jungfernstieg"
trip_011,3f859783-6540-4cb2-a938-903a10758b05,2026-01-09T17:30:00,2026-01-09T17:55:00,monday,commute,public_transport,shared_scooter|public_transport|walking,7.4,25,0.0,monthly_pass,True,True,planned,Return home Monday.,Hamburg,work,"Consulting Office, Jungfernstieg",Hamburg,home,"Altona, Hamburg"
trip_012,3f859783-6540-4cb2-a938-903a10758b05,2026-01-10T07:30:00,2026-01-10T07:55:00,tuesday,commute,public_transport,walking|public_transport|shared_scooter,7.4,25,0.0,monthly_pass,True,True,planned,Tuesday commute.,Hamburg,home,"Altona, Hamburg",Hamburg,work,"Consulting Office, Jungfernstieg"
trip_013,3f859783-6540-4cb2-a938-903a10758b05,2026-01-10T17:30:00,2026-01-10T17:55:00,tuesday,commute,public_transport,shared_scooter|public_transport|walking,7.4,25,0.0,monthly_pass,True,True,planned,Return home Tuesday.,Hamburg,work,"Consulting Office, Jungfernstieg",Hamburg,home,"Altona, Hamburg"
trip_014,3f859783-6540-4cb2-a938-903a10758b05,2026-01-11T07:30:00,2026-01-11T07:55:00,wednesday,commute,public_transport,walking|public_transport|shared_scooter,7.4,25,0.0,monthly_pass,True,True,planned,Wednesday commute.,Hamburg,home,"Altona, Hamburg",Hamburg,work,"Consulting Office, Jungfernstieg"
trip_015,3f859783-6540-4cb2-a938-903a10758b05,2026-01-11T17:30:00,2026-01-11T17:55:00,wednesday,commute,public_transport,shared_scooter|public_transport|walking,7.4,25,0.0,monthly_pass,True,True,planned,Return home Wednesday.,Hamburg,work,"Consulting Office, Jungfernstieg",Hamburg,home,"Altona, Hamburg"
trip_016,3f859783-6540-4cb2-a938-903a10758b05,2026-01-12T07:30:00,2026-01-12T07:55:00,thursday,commute,public_transport,walking|public_transport|shared_scooter,7.4,25,0.0,monthly_pass,True,True,planned,Thursday commute.,Hamburg,home,"Altona, Hamburg",Hamburg,work,"Consulting Office, Jungfernstieg"
trip_017,3f859783-6540-4cb2-a938-903a10758b05,2026-01-12T17:30:00,2026-01-12T17:55:00,thursday,commute,public_transport,shared_scooter|public_transport|walking,7.4,25,0.0,monthly_pass,True,True,planned,Return home Thursday.,Hamburg,work,"Consulting Office, Jungfernstieg",Hamburg,home,"Altona, Hamburg"
trip_018,3f859783-6540-4cb2-a938-903a10758b05,2026-01-12T18:30:00,2026-01-12T18:40:00,thursday,leisure,shared_scooter,shared_scooter|walking,1.5,10,2.0,none,False,True,planned,Evening workout after Thursday office day.,Hamburg,work,"Consulting Office, Jungfernstieg",Hamburg,fitness,"FitX Gym, St. Pauli"
trip_019,3f859783-6540-4cb2-a938-903a10758b05,2026-01-06T10:00:00,2026-01-06T11:00:00,saturday,leisure,regional_train,walking|regional_train|walking,51.3,60,0.0,monthly_pass,False,False,spontaneous,Weekend day trip to explore nearby town.,Hamburg,home,"Altona, Hamburg",Lüneburg,culture,Lüneburg Old Town
trip_020,3f859783-6540-4cb2-a938-903a10758b05,2026-01-07T15:00:00,2026-01-07T16:00:00,sunday,leisure,regional_train,walking|regional_train|walking,51.3,60,0.0,monthly_pass,False,False,spontaneous,Return from weekend trip.,Lüneburg,culture,Old Town Center,Hamburg,home,"Altona, Hamburg"
trip_021,3f859783-6540-4cb2-a938-903a10758b05,2026-01-16T07:30:00,2026-01-16T07:55:00,monday,commute,public_transport,walking|public_transport|shared_scooter,7.4,25,0.0,monthly_pass,True,True,planned,Monday commute.,Hamburg,home,"Altona, Hamburg",Hamburg,work,"Consulting Office, Jungfernstieg"
trip_022,3f859783-6540-4cb2-a938-903a10758b05,2026-01-16T17:30:00,2026-01-16T17:55:00,monday,commute,public_transport,shared_scooter|public_transport|walking,7.4,25,0.0,monthly_pass,True,True,planned,Return home Monday.,Hamburg,work,"Consulting Office, Jungfernstieg",Hamburg,home,"Altona, Hamburg"
trip_023,3f859783-6540-4cb2-a938-903a10758b05,2026-01-17T07:30:00,2026-01-17T07:55:00,tuesday,commute,public_transport,walking|public_transport|shared_scooter,7.4,25,0.0,monthly_pass,True,True,planned,Tuesday commute.,Hamburg,home,"Altona, Hamburg",Hamburg,work,"Consulting Office, Jungfernstieg"
trip_024,3f859783-6540-4cb2-a938-903a10758b05,2026-01-17T17:30:00,2026-01-17T17:55:00,tuesday,commute,public_transport,shared_scooter|public_transport|walking,7.4,25,0.0,monthly_pass,True,True,planned,Return home Tuesday.,Hamburg,work,"Consulting Office, Jungfernstieg",Hamburg,home,"Altona, Hamburg"
trip_025,3f859783-6540-4cb2-a938-903a10758b05,2026-01-18T07:30:00,2026-01-18T07:55:00,wednesday,commute,public_transport,walking|public_transport|shared_scooter,7.4,25,0.0,monthly_pass,True,True,planned,Wednesday commute.,Hamburg,home,"Altona, Hamburg",Hamburg,work,"Consulting Office, Jungfernstieg"
trip_026,3f859783-6540-4cb2-a938-903a10758b05,2026-01-18T17:30:00,2026-01-18T17:55:00,wednesday,commute,public_transport,shared_scooter|public_transport|walking,7.4,25,0.0,monthly_pass,True,True,planned,Return home Wednesday.,Hamburg,work,"Consulting Office, Jungfernstieg",Hamburg,home,"Altona, Hamburg"
trip_027,3f859783-6540-4cb2-a938-903a10758b05,2026-01-19T07:30:00,2026-01-19T07:55:00,thursday,commute,public_transport,walking|public_transport|shared_scooter,7.4,25,0.0,monthly_pass,True,True,planned,Thursday commute.,Hamburg,home,"Altona, Hamburg",Hamburg,work,"Consulting Office, Jungfernstieg"
trip_028,3f859783-6540-4cb2-a938-903a10758b05,2026-01-19T17:30:00,2026-01-19T17:55:00,thursday,commute,public_transport,shared_scooter|public_transport|walking,7.4,25,0.0,monthly_pass,True,True,planned,Return home Thursday.,Hamburg,work,"Consulting Office, Jungfernstieg",Hamburg,home,"Altona, Hamburg"
trip_029,3f859783-6540-4cb2-a938-903a10758b05,2026-01-19T18:30:00,2026-01-19T18:40:00,thursday,leisure,shared_scooter,shared_scooter|walking,1.5,10,2.0,none,False,True,planned,Evening workout after Thursday office day.,Hamburg,work,"Consulting Office, Jungfernstieg",Hamburg,fitness,"FitX Gym, St. Pauli"
trip_030,3f859783-6540-4cb2-a938-903a10758b05,2026-01-23T07:30:00,2026-01-23T07:55:00,monday,commute,public_transport,walking|public_transport|shared_scooter,7.4,25,0.0,monthly_pass,True,True,planned,Monday commute.,Hamburg,home,"Altona, Hamburg",Hamburg,work,"Consulting Office, Jungfernstieg"
trip_031,3f859783-6540-4cb2-a938-903a10758b05,2026-01-23T17:30:00,2026-01-23T17:55:00,monday,commute,public_transport,shared_scooter|public_transport|walking,7.4,25,0.0,monthly_pass,True,True,planned,Return home Monday.,Hamburg,work,"Consulting Office, Jungfernstieg",Hamburg,home,"Altona, Hamburg"
trip_032,3f859783-6540-4cb2-a938-903a10758b05,2026-01-24T07:30:00,2026-01-24T07:55:00,tuesday,commute,public_transport,walking|public_transport|shared_scooter,7.4,25,0.0,monthly_pass,True,True,planned,Tuesday commute.,Hamburg,home,"Altona, Hamburg",Hamburg,work,"Consulting Office, Jungfernstieg"
trip_033,3f859783-6540-4cb2-a938-903a10758b05,2026-01-24T17:30:00,2026-01-24T17:55:00,tuesday,commute,public_transport,shared_scooter|public_transport|walking,7.4,25,0.0,monthly_pass,True,True,planned,Return home Tuesday.,Hamburg,work,"Consulting Office, Jungfernstieg",Hamburg,home,"Altona, Hamburg"
trip_034,3f859783-6540-4cb2-a938-903a10758b05,2026-01-25T07:30:00,2026-01-25T07:55:00,wednesday,commute,public_transport,walking|public_transport|shared_scooter,7.4,25,0.0,monthly_pass,True,True,planned,Wednesday commute.,Hamburg,home,"Altona, Hamburg",Hamburg,work,"Consulting Office, Jungfernstieg"
trip_035,3f859783-6540-4cb2-a938-903a10758b05,2026-01-25T17:30:00,2026-01-25T17:55:00,wednesday,commute,public_transport,shared_scooter|public_transport|walking,7.4,25,0.0,monthly_pass,True,True,planned,Return home Wednesday.,Hamburg,work,"Consulting Office, Jungfernstieg",Hamburg,home,"Altona, Hamburg"
trip_036,3f859783-6540-4cb2-a938-903a10758b05,2026-01-26T07:30:00,2026-01-26T07:55:00,thursday,commute,public_transport,walking|public_transport|shared_scooter,7.4,25,0.0,monthly_pass,True,True,planned,Thursday commute.,Hamburg,home,"Altona, Hamburg",Hamburg,work,"Consulting Office, Jungfernstieg"
trip_037,3f859783-6540-4cb2-a938-903a10758b05,2026-01-26T17:30:00,2026-01-26T17:55:00,thursday,commute,public_transport,shared_scooter|public_transport|walking,7.4,25,0.0,monthly_pass,True,True,planned,Return home Thursday.,Hamburg,work,"Consulting Office, Jungfernstieg",Hamburg,home,"Altona, Hamburg"
trip_038,3f859783-6540-4cb2-a938-903a10758b05,2026-01-26T18:30:00,2026-01-26T18:40:00,thursday,leisure,shared_scooter,shared_scooter|walking,1.5,10,2.0,none,False,True,planned,Evening gym after Thursday work.,Hamburg,work,"Consulting Office, Jungfernstieg",Hamburg,fitness,"FitX Gym, St. Pauli"
trip_039,3f859783-6540-4cb2-a938-903a10758b05,2026-01-13T10:00:00,2026-01-13T11:00:00,saturday,leisure,regional_train,walking|regional_train|walking,51.3,60,0.0,monthly_pass,False,False,spontaneous,Second weekend day trip to Lüneburg.,Hamburg,home,"Altona, Hamburg",Lüneburg,culture,Lüneburg Old Town
trip_040,3f859783-6540-4cb2-a938-903a10758b05,2026-01-14T15:00:00,2026-01-14T16:00:00,sunday,leisure,regional_train,walking|regional_train|walking,51.3,60,0.0,monthly_pass,False,False,spontaneous,Return from second weekend trip.,Lüneburg,culture,Old Town Center,Hamburg,home,"Altona, Hamburg"
trip_001,bc86deb1-ae34-4ce3-9aa7-4ca8da45c783,2026-01-02T07:15:00,2026-01-02T07:30:00,friday,commute,car,car,5.0,15,0.5,none,True,True,routine,"Provides safe, predictable travel for school commute using family car, aligning with priority for child safety and convenience.",Lüneburg,home,Meier Residence,Lüneburg,work,Lüneburg Primary School
trip_002,bc86deb1-ae34-4ce3-9aa7-4ca8da45c783,2026-01-02T16:15:00,2026-01-02T16:30:00,friday,commute,car,car,5.0,15,0.5,none,True,True,routine,"Provides safe, predictable travel for school commute using family car, aligning with priority for child safety and convenience.",Lüneburg,work,Lüneburg Primary School,Lüneburg,home,Meier Residence
trip_003,bc86deb1-ae34-4ce3-9aa7-4ca8da45c783,2026-01-05T07:00:00,2026-01-05T07:28:00,monday,commute,regional_train,walking|regional_train|walking,11.0,28,0.0,monthly_pass,True,True,routine,"Uses subsidised monthly pass for predictable public‑transport commute, balancing cost and convenience while avoiding traffic.",Lüneburg,home,Meier Residence,Lüneburg,work,Lüneburg Primary School
trip_004,bc86deb1-ae34-4ce3-9aa7-4ca8da45c783,2026-01-05T16:00:00,2026-01-05T16:28:00,monday,commute,regional_train,walking|regional_train|walking,11.0,28,0.0,monthly_pass,True,True,routine,"Uses subsidised monthly pass for predictable public‑transport commute, balancing cost and convenience while avoiding traffic.",Lüneburg,work,Lüneburg Primary School,Lüneburg,home,Meier Residence
trip_005,bc86deb1-ae34-4ce3-9aa7-4ca8da45c783,2026-01-06T07:15:00,2026-01-06T07:30:00,tuesday,commute,car,car,5.0,15,0.5,none,True,True,routine,"Provides safe, predictable travel for school commute using family car, aligning with priority for child safety and convenience.",Lüneburg,home,Meier Residence,Lüneburg,work,Lüneburg Primary School
trip_006,bc86deb1-ae34-4ce3-9aa7-4ca8da45c783,2026-01-06T16:15:00,2026-01-06T16:30:00,tuesday,commute,car,car,5.0,15,0.5,none,True,True,routine,"Provides safe, predictable travel for school commute using family car, aligning with priority for child safety and convenience.",Lüneburg,work,Lüneburg Primary School,Lüneburg,home,Meier Residence
trip_007,bc86deb1-ae34-4ce3-9aa7-4ca8da45c783,2026-01-07T07:00:00,2026-01-07T07:28:00,wednesday,commute,regional_train,walking|regional_train|walking,11.0,28,0.0,monthly_pass,True,True,routine,"Uses subsidised monthly pass for predictable public‑transport commute, balancing cost and convenience while avoiding traffic.",Lüneburg,home,Meier Residence,Lüneburg,work,Lüneburg Primary School
trip_008,bc86deb1-ae34-4ce3-9aa7-4ca8da45c783,2026-01-07T16:00:00,2026-01-07T16:28:00,wednesday,commute,regional_train,walking|regional_train|walking,11.0,28,0.0,monthly_pass,True,True,routine,"Uses subsidised monthly pass for predictable public‑transport commute, balancing cost and convenience while avoiding traffic.",Lüneburg,work,Lüneburg Primary School,Lüneburg,home,Meier Residence
trip_009,bc86deb1-ae34-4ce3-9aa7-4ca8da45c783,2026-01-08T07:15:00,2026-01-08T07:30:00,thursday,commute,car,car,5.0,15,0.5,none,True,True,routine,"Provides safe, predictable travel for school commute using family car, aligning with priority for child safety and convenience.",Lüneburg,home,Meier Residence,Lüneburg,work,Lüneburg Primary School
trip_010,bc86deb1-ae34-4ce3-9aa7-4ca8da45c783,2026-01-08T16:15:00,2026-01-08T16:30:00,thursday,commute,car,car,5.0,15,0.5,none,True,True,routine,"Provides safe, predictable travel for school commute using family car, aligning with priority for child safety and convenience.",Lüneburg,work,Lüneburg Primary School,Lüneburg,home,Meier Residence
trip_011,bc86deb1-ae34-4ce3-9aa7-4ca8da45c783,2026-01-09T07:00:00,2026-01-09T07:28:00,friday,commute,regional_train,walking|regional_train|walking,11.0,28,0.0,monthly_pass,True,True,routine,"Uses subsidised monthly pass for predictable public‑transport commute, balancing cost and convenience while avoiding traffic.",Lüneburg,home,Meier Residence,Lüneburg,work,Lüneburg Primary School
trip_012,bc86deb1-ae34-4ce3-9aa7-4ca8da45c783,2026-01-09T16:00:00,2026-01-09T16:28:00,friday,commute,regional_train,walking|regional_train|walking,11.0,28,0.0,monthly_pass,True,True,routine,"Uses subsidised monthly pass for predictable public‑transport commute, balancing cost and convenience while avoiding traffic.",Lüneburg,work,Lüneburg Primary School,Lüneburg,home,Meier Residence
trip_013,bc86deb1-ae34-4ce3-9aa7-4ca8da45c783,2026-01-12T07:15:00,2026-01-12T07:30:00,monday,commute,car,car,5.0,15,0.5,none,True,True,routine,"Provides safe, predictable travel for school commute using family car, aligning with priority for child safety and convenience.",Lüneburg,home,Meier Residence,Lüneburg,work,Lüneburg Primary School
trip_014,bc86deb1-ae34-4ce3-9aa7-4ca8da45c783,2026-01-12T16:15:00,2026-01-12T16:30:00,monday,commute,car,car,5.0,15,0.5,none,True,True,routine,"Provides safe, predictable travel for school commute using family car, aligning with priority for child safety and convenience.",Lüneburg,work,Lüneburg Primary School,Lüneburg,home,Meier Residence
trip_015,bc86deb1-ae34-4ce3-9aa7-4ca8da45c783,2026-01-13T07:00:00,2026-01-13T07:28:00,tuesday,commute,regional_train,walking|regional_train|walking,11.0,28,0.0,monthly_pass,True,True,routine,"Uses subsidised monthly pass for predictable public‑transport commute, balancing cost and convenience while avoiding traffic.",Lüneburg,home,Meier Residence,Lüneburg,work,Lüneburg Primary School
trip_016,bc86deb1-ae34-4ce3-9aa7-4ca8da45c783,2026-01-13T16:00:00,2026-01-13T16:28:00,tuesday,commute,regional_train,walking|regional_train|walking,11.0,28,0.0,monthly_pass,True,True,routine,"Uses subsidised monthly pass for predictable public‑transport commute, balancing cost and convenience while avoiding traffic.",Lüneburg,work,Lüneburg Primary School,Lüneburg,home,Meier Residence
trip_017,bc86deb1-ae34-4ce3-9aa7-4ca8da45c783,2026-01-14T07:15:00,2026-01-14T07:30:00,wednesday,commute,car,car,5.0,15,0.5,none,True,True,routine,"Provides safe, predictable travel for school commute using family car, aligning with priority for child safety and convenience.",Lüneburg,home,Meier Residence,Lüneburg,work,Lüneburg Primary School
trip_018,bc86deb1-ae34-4ce3-9aa7-4ca8da45c783,2026-01-14T16:15:00,2026-01-14T16:30:00,wednesday,commute,car,car,5.0,15,0.5,none,True,True,routine,"Provides safe, predictable travel for school commute using family car, aligning with priority for child safety and convenience.",Lüneburg,work,Lüneburg Primary School,Lüneburg,home,Meier Residence
trip_019,bc86deb1-ae34-4ce3-9aa7-4ca8da45c783,2026-01-15T07:00:00,2026-01-15T07:28:00,thursday,commute,regional_train,walking|regional_train|walking,11.0,28,0.0,monthly_pass,True,True,routine,"Uses subsidised monthly pass for predictable public‑transport commute, balancing cost and convenience while avoiding traffic.",Lüneburg,home,Meier Residence,Lüneburg,work,Lüneburg Primary School
trip_020,bc86deb1-ae34-4ce3-9aa7-4ca8da45c783,2026-01-15T16:00:00,2026-01-15T16:28:00,thursday,commute,regional_train,walking|regional_train|walking,11.0,28,0.0,monthly_pass,True,True,routine,"Uses subsidised monthly pass for predictable public‑transport commute, balancing cost and convenience while avoiding traffic.",Lüneburg,work,Lüneburg Primary School,Lüneburg,home,Meier Residence
trip_021,bc86deb1-ae34-4ce3-9aa7-4ca8da45c783,2026-01-16T07:15:00,2026-01-16T07:30:00,friday,commute,car,car,5.0,15,0.5,none,True,True,routine,"Provides safe, predictable travel for school commute using family car, aligning with priority for child safety and convenience.",Lüneburg,home,Meier Residence,Lüneburg,work,Lüneburg Primary School
trip_022,bc86deb1-ae34-4ce3-9aa7-4ca8da45c783,2026-01-16T16:15:00,2026-01-16T16:30:00,friday,commute,car,car,5.0,15,0.5,none,True,True,routine,"Provides safe, predictable travel for school commute using family car, aligning with priority for child safety and convenience.",Lüneburg,work,Lüneburg Primary School,Lüneburg,home,Meier Residence
trip_023,bc86deb1-ae34-4ce3-9aa7-4ca8da45c783,2026-01-19T07:00:00,2026-01-19T07:28:00,monday,commute,regional_train,walking|regional_train|walking,11.0,28,0.0,monthly_pass,True,True,routine,"Uses subsidised monthly pass for predictable public‑transport commute, balancing cost and convenience while avoiding traffic.",Lüneburg,home,Meier Residence,Lüneburg,work,Lüneburg Primary School
trip_024,bc86deb1-ae34-4ce3-9aa7-4ca8da45c783,2026-01-19T16:00:00,2026-01-19T16:28:00,monday,commute,regional_train,walking|regional_train|walking,11.0,28,0.0,monthly_pass,True,True,routine,"Uses subsidised monthly pass for predictable public‑transport commute, balancing cost and convenience while avoiding traffic.",Lüneburg,work,Lüneburg Primary School,Lüneburg,home,Meier Residence
trip_025,bc86deb1-ae34-4ce3-9aa7-4ca8da45c783,2026-01-20T07:15:00,2026-01-20T07:30:00,tuesday,commute,car,car,5.0,15,0.5,none,True,True,routine,"Provides safe, predictable travel for school commute using family car, aligning with priority for child safety and convenience.",Lüneburg,home,Meier Residence,Lüneburg,work,Lüneburg Primary School
trip_026,bc86deb1-ae34-4ce3-9aa7-4ca8da45c783,2026-01-20T16:15:00,2026-01-20T16:30:00,tuesday,commute,car,car,5.0,15,0.5,none,True,True,routine,"Provides safe, predictable travel for school commute using family car, aligning with priority for child safety and convenience.",Lüneburg,work,Lüneburg Primary School,Lüneburg,home,Meier Residence
trip_027,bc86deb1-ae34-4ce3-9aa7-4ca8da45c783,2026-01-21T07:00:00,2026-01-21T07:28:00,wednesday,commute,regional_train,walking|regional_train|walking,11.0,28,0.0,monthly_pass,True,True,routine,"Uses subsidised monthly pass for predictable public‑transport commute, balancing cost and convenience while avoiding traffic.",Lüneburg,home,Meier Residence,Lüneburg,work,Lüneburg Primary School
trip_028,bc86deb1-ae34-4ce3-9aa7-4ca8da45c783,2026-01-21T16:00:00,2026-01-21T16:28:00,wednesday,commute,regional_train,walking|regional_train|walking,11.0,28,0.0,monthly_pass,True,True,routine,"Uses subsidised monthly pass for predictable public‑transport commute, balancing cost and convenience while avoiding traffic.",Lüneburg,work,Lüneburg Primary School,Lüneburg,home,Meier Residence
trip_029,bc86deb1-ae34-4ce3-9aa7-4ca8da45c783,2026-01-22T07:15:00,2026-01-22T07:30:00,thursday,commute,car,car,5.0,15,0.5,none,True,True,routine,"Provides safe, predictable travel for school commute using family car, aligning with priority for child safety and convenience.",Lüneburg,home,Meier Residence,Lüneburg,work,Lüneburg Primary School
trip_030,bc86deb1-ae34-4ce3-9aa7-4ca8da45c783,2026-01-22T16:15:00,2026-01-22T16:30:00,thursday,commute,car,car,5.0,15,0.5,none,True,True,routine,"Provides safe, predictable travel for school commute using family car, aligning with priority for child safety and convenience.",Lüneburg,work,Lüneburg Primary School,Lüneburg,home,Meier Residence
trip_031,bc86deb1-ae34-4ce3-9aa7-4ca8da45c783,2026-01-23T07:00:00,2026-01-23T07:28:00,friday,commute,regional_train,walking|regional_train|walking,11.0,28,0.0,monthly_pass,True,True,routine,"Uses subsidised monthly pass for predictable public‑transport commute, balancing cost and convenience while avoiding traffic.",Lüneburg,home,Meier Residence,Lüneburg,work,Lüneburg Primary School
trip_032,bc86deb1-ae34-4ce3-9aa7-4ca8da45c783,2026-01-23T16:00:00,2026-01-23T16:28:00,friday,commute,regional_train,walking|regional_train|walking,11.0,28,0.0,monthly_pass,True,True,routine,"Uses subsidised monthly pass for predictable public‑transport commute, balancing cost and convenience while avoiding traffic.",Lüneburg,work,Lüneburg Primary School,Lüneburg,home,Meier Residence
trip_033,bc86deb1-ae34-4ce3-9aa7-4ca8da45c783,2026-01-26T07:15:00,2026-01-26T07:30:00,monday,commute,car,car,5.0,15,0.5,none,True,True,routine,"Provides safe, predictable travel for school commute using family car, aligning with priority for child safety and convenience.",Lüneburg,home,Meier Residence,Lüneburg,work,Lüneburg Primary School
trip_034,bc86deb1-ae34-4ce3-9aa7-4ca8da45c783,2026-01-26T16:15:00,2026-01-26T16:30:00,monday,commute,car,car,5.0,15,0.5,none,True,True,routine,"Provides safe, predictable travel for school commute using family car, aligning with priority for child safety and convenience.",Lüneburg,work,Lüneburg Primary School,Lüneburg,home,Meier Residence
trip_035,bc86deb1-ae34-4ce3-9aa7-4ca8da45c783,2026-01-27T07:00:00,2026-01-27T07:28:00,tuesday,commute,regional_train,walking|regional_train|walking,11.0,28,0.0,monthly_pass,True,True,routine,"Uses subsidised monthly pass for predictable public‑transport commute, balancing cost and convenience while avoiding traffic.",Lüneburg,home,Meier Residence,Lüneburg,work,Lüneburg Primary School
trip_036,bc86deb1-ae34-4ce3-9aa7-4ca8da45c783,2026-01-27T16:00:00,2026-01-27T16:28:00,tuesday,commute,regional_train,walking|regional_train|walking,11.0,28,0.0,monthly_pass,True,True,routine,"Uses subsidised monthly pass for predictable public‑transport commute, balancing cost and convenience while avoiding traffic.",Lüneburg,work,Lüneburg Primary School,Lüneburg,home,Meier Residence
trip_037,bc86deb1-ae34-4ce3-9aa7-4ca8da45c783,2026-01-28T07:15:00,2026-01-28T07:30:00,wednesday,commute,car,car,5.0,15,0.5,none,True,True,routine,"Provides safe, predictable travel for school commute using family car, aligning with priority for child safety and convenience.",Lüneburg,home,Meier Residence,Lüneburg,work,Lüneburg Primary School
trip_038,bc86deb1-ae34-4ce3-9aa7-4ca8da45c783,2026-01-28T16:15:00,2026-01-28T16:30:00,wednesday,commute,car,car,5.0,15,0.5,none,True,True,routine,"Provides safe, predictable travel for school commute using family car, aligning with priority for child safety and convenience.",Lüneburg,work,Lüneburg Primary School,Lüneburg,home,Meier Residence
trip_039,bc86deb1-ae34-4ce3-9aa7-4ca8da45c783,2026-01-29T07:00:00,2026-01-29T07:28:00,thursday,commute,regional_train,walking|regional_train|walking,11.0,28,0.0,monthly_pass,True,True,routine,"Uses subsidised monthly pass for predictable public‑transport commute, balancing cost and convenience while avoiding traffic.",Lüneburg,home,Meier Residence,Lüneburg,work,Lüneburg Primary School
trip_040,bc86deb1-ae34-4ce3-9aa7-4ca8da45c783,2026-01-29T16:00:00,2026-01-29T16:28:00,thursday,commute,regional_train,walking|regional_train|walking,11.0,28,0.0,monthly_pass,True,True,routine,"Uses subsidised monthly pass for predictable public‑transport commute, balancing cost and convenience while avoiding traffic.",Lüneburg,work,Lüneburg Primary School,Lüneburg,home,Meier Residence
trip_001,dea6d63c-d8cb-4308-85e7-ba2a4517ce21,2026-01-02T07:00:00,2026-01-02T07:20:00,monday,education,car,car,8.0,20,1.6,none,True,True,routine,Morning drop‑off of children at kindergarten by car aligns with family safety and reliability priorities.,Bamberg,home,Müller Residence,Bamberg,education,St. Marien Kindergarten
trip_002,dea6d63c-d8cb-4308-85e7-ba2a4517ce21,2026-01-02T07:25:00,2026-01-02T07:45:00,monday,education,car,car,7.0,20,1.4,none,True,True,routine,"Drive children from kindergarten to school, keeping travel predictable and safe.",Bamberg,education,St. Marien Kindergarten,Bamberg,work,Gymnasium Bamberg
trip_003,dea6d63c-d8cb-4308-85e7-ba2a4517ce21,2026-01-02T15:30:00,2026-01-02T16:15:00,monday,commute,car,car,15.0,45,3.0,none,True,True,routine,"Daily home‑to‑work commute by car, the most reliable option for a teacher with a family.",Bamberg,work,Gymnasium Bamberg,Bamberg,home,Müller Residence
trip_004,dea6d63c-d8cb-4308-85e7-ba2a4517ce21,2026-01-02T16:30:00,2026-01-02T16:45:00,monday,leisure,bike,bike,5.0,15,0.0,none,False,True,routine,"Evening bike ride to the sports club with children, low‑stress and healthy.",Bamberg,work,Gymnasium Bamberg,Bamberg,fitness,Bamberg Sports Club
trip_005,dea6d63c-d8cb-4308-85e7-ba2a4517ce21,2026-01-02T18:30:00,2026-01-02T18:45:00,monday,return_home,bike,bike,5.0,15,0.0,none,False,True,routine,"Bike back home after sports activity, keeping travel time short and active.",Bamberg,fitness,Bamberg Sports Club,Bamberg,home,Müller Residence
trip_006,dea6d63c-d8cb-4308-85e7-ba2a4517ce21,2026-01-03T07:00:00,2026-01-03T07:20:00,tuesday,education,car,car,8.0,20,1.6,none,True,True,routine,Regular morning kindergarten drop‑off by car.,Bamberg,home,Müller Residence,Bamberg,education,St. Marien Kindergarten
trip_007,dea6d63c-d8cb-4308-85e7-ba2a4517ce21,2026-01-03T07:25:00,2026-01-03T07:45:00,tuesday,education,car,car,7.0,20,1.4,none,True,True,routine,Drive children from kindergarten to school.,Bamberg,education,St. Marien Kindergarten,Bamberg,work,Gymnasium Bamberg
trip_008,dea6d63c-d8cb-4308-85e7-ba2a4517ce21,2026-01-03T15:30:00,2026-01-03T16:15:00,tuesday,commute,car,car,15.0,45,3.0,none,True,True,routine,Standard home‑to‑work commute.,Bamberg,work,Gymnasium Bamberg,Bamberg,home,Müller Residence
trip_009,dea6d63c-d8cb-4308-85e7-ba2a4517ce21,2026-01-03T16:30:00,2026-01-03T16:45:00,tuesday,leisure,bike,bike,5.0,15,0.0,none,False,True,routine,Evening bike ride to sports club with children.,Bamberg,work,Gymnasium Bamberg,Bamberg,fitness,Bamberg Sports Club
trip_010,dea6d63c-d8cb-4308-85e7-ba2a4517ce21,2026-01-03T18:30:00,2026-01-03T18:45:00,tuesday,return_home,bike,bike,5.0,15,0.0,none,False,True,routine,Bike back home after sports activity.,Bamberg,fitness,Bamberg Sports Club,Bamberg,home,Müller Residence
trip_011,dea6d63c-d8cb-4308-85e7-ba2a4517ce21,2026-01-04T07:00:00,2026-01-04T07:20:00,wednesday,education,car,car,8.0,20,1.6,none,True,True,routine,Morning kindergarten drop‑off.,Bamberg,home,Müller Residence,Bamberg,education,St. Marien Kindergarten
trip_012,dea6d63c-d8cb-4308-85e7-ba2a4517ce21,2026-01-04T07:25:00,2026-01-04T07:45:00,wednesday,education,car,car,7.0,20,1.4,none,True,True,routine,Drive children to school.,Bamberg,education,St. Marien Kindergarten,Bamberg,work,Gymnasium Bamberg
trip_013,dea6d63c-d8cb-4308-85e7-ba2a4517ce21,2026-01-04T15:30:00,2026-01-04T16:15:00,wednesday,commute,car,car,15.0,45,3.0,none,True,True,routine,Standard commute home.,Bamberg,work,Gymnasium Bamberg,Bamberg,home,Müller Residence
trip_014,dea6d63c-d8cb-4308-85e7-ba2a4517ce21,2026-01-04T16:30:00,2026-01-04T16:45:00,wednesday,leisure,bike,bike,5.0,15,0.0,none,False,True,routine,Bike to sports club after work.,Bamberg,work,Gymnasium Bamberg,Bamberg,fitness,Bamberg Sports Club
trip_015,dea6d63c-d8cb-4308-85e7-ba2a4517ce21,2026-01-04T18:30:00,2026-01-04T18:45:00,wednesday,return_home,bike,bike,5.0,15,0.0,none,False,True,routine,Bike home after sports.,Bamberg,fitness,Bamberg Sports Club,Bamberg,home,Müller Residence
trip_016,dea6d63c-d8cb-4308-85e7-ba2a4517ce21,2026-01-05T07:00:00,2026-01-05T07:20:00,thursday,education,car,car,8.0,20,1.6,none,True,True,routine,Morning kindergarten drop‑off.,Bamberg,home,Müller Residence,Bamberg,education,St. Marien Kindergarten
trip_017,dea6d63c-d8cb-4308-85e7-ba2a4517ce21,2026-01-05T07:25:00,2026-01-05T07:45:00,thursday,education,car,car,7.0,20,1.4,none,True,True,routine,Drive children to school.,Bamberg,education,St. Marien Kindergarten,Bamberg,work,Gymnasium Bamberg
trip_018,dea6d63c-d8cb-4308-85e7-ba2a4517ce21,2026-01-05T15:30:00,2026-01-05T16:15:00,thursday,commute,car,car,15.0,45,3.0,none,True,True,routine,Standard commute home.,Bamberg,work,Gymnasium Bamberg,Bamberg,home,Müller Residence
trip_019,dea6d63c-d8cb-4308-85e7-ba2a4517ce21,2026-01-05T16:30:00,2026-01-05T16:45:00,thursday,leisure,bike,bike,5.0,15,0.0,none,False,True,routine,Bike to sports club.,Bamberg,work,Gymnasium Bamberg,Bamberg,fitness,Bamberg Sports Club
trip_020,dea6d63c-d8cb-4308-85e7-ba2a4517ce21,2026-01-05T18:30:00,2026-01-05T18:45:00,thursday,return_home,bike,bike,5.0,15,0.0,none,False,True,routine,Bike home after sports.,Bamberg,fitness,Bamberg Sports Club,Bamberg,home,Müller Residence
trip_021,dea6d63c-d8cb-4308-85e7-ba2a4517ce21,2026-01-06T07:00:00,2026-01-06T07:20:00,friday,education,car,car,8.0,20,1.6,none,True,True,routine,Morning kindergarten drop‑off.,Bamberg,home,Müller Residence,Bamberg,education,St. Marien Kindergarten
trip_022,dea6d63c-d8cb-4308-85e7-ba2a4517ce21,2026-01-06T07:25:00,2026-01-06T07:45:00,friday,education,car,car,7.0,20,1.4,none,True,True,routine,Drive children to school.,Bamberg,education,St. Marien Kindergarten,Bamberg,work,Gymnasium Bamberg
trip_023,dea6d63c-d8cb-4308-85e7-ba2a4517ce21,2026-01-06T15:30:00,2026-01-06T16:15:00,friday,commute,car,car,15.0,45,3.0,none,True,True,routine,Standard commute home.,Bamberg,work,Gymnasium Bamberg,Bamberg,home,Müller Residence
trip_024,dea6d63c-d8cb-4308-85e7-ba2a4517ce21,2026-01-06T16:30:00,2026-01-06T16:45:00,friday,leisure,bike,bike,5.0,15,0.0,none,False,True,routine,Bike to sports club.,Bamberg,work,Gymnasium Bamberg,Bamberg,fitness,Bamberg Sports Club
trip_025,dea6d63c-d8cb-4308-85e7-ba2a4517ce21,2026-01-06T18:30:00,2026-01-06T18:45:00,friday,return_home,bike,bike,5.0,15,0.0,none,False,True,routine,Bike home after sports.,Bamberg,fitness,Bamberg Sports Club,Bamberg,home,Müller Residence
trip_026,dea6d63c-d8cb-4308-85e7-ba2a4517ce21,2026-01-07T09:00:00,2026-01-07T09:30:00,saturday,leisure,car,car,12.0,30,2.4,none,False,False,spontaneous,Family visit to the city park for relaxed weekend leisure.,Bamberg,home,Müller Residence,Bamberg,park,Bamberg Stadtpark
trip_027,dea6d63c-d8cb-4308-85e7-ba2a4517ce21,2026-01-07T16:00:00,2026-01-07T16:30:00,saturday,return_home,car,car,12.0,30,2.4,none,False,False,spontaneous,Return home after park visit.,Bamberg,park,Bamberg Stadtpark,Bamberg,home,Müller Residence
trip_028,dea6d63c-d8cb-4308-85e7-ba2a4517ce21,2026-01-07T11:00:00,2026-01-07T11:35:00,saturday,shopping,car,car,15.0,35,3.0,none,False,False,spontaneous,Family shopping trip to the local mall.,Bamberg,home,Müller Residence,Bamberg,shopping,Bamberg Shopping Center
trip_029,dea6d63c-d8cb-4308-85e7-ba2a4517ce21,2026-01-07T15:30:00,2026-01-07T16:05:00,saturday,return_home,car,car,15.0,35,3.0,none,False,False,spontaneous,Return home after shopping.,Bamberg,shopping,Bamberg Shopping Center,Bamberg,home,Müller Residence
trip_030,dea6d63c-d8cb-4308-85e7-ba2a4517ce21,2026-01-08T10:00:00,2026-01-08T10:45:00,sunday,family,car,car,20.0,45,4.0,none,False,False,spontaneous,"Visit parents in the afternoon, a regular family activity.",Bamberg,home,Müller Residence,Bamberg,family_visit,Parents' House
trip_031,dea6d63c-d8cb-4308-85e7-ba2a4517ce21,2026-01-08T17:00:00,2026-01-08T17:45:00,sunday,return_home,car,car,20.0,45,4.0,none,False,False,spontaneous,Return home after family visit.,Bamberg,family_visit,Parents' House,Bamberg,home,Müller Residence
trip_032,dea6d63c-d8cb-4308-85e7-ba2a4517ce21,2026-01-08T08:00:00,2026-01-08T08:55:00,sunday,errands,public_transport,car|walking|regional_train|walking,36.0,55,0.0,monthly_pass,False,False,spontaneous,Use monthly pass for a quick trip to the city centre for errands.,Bamberg,home,Müller Residence,Bamberg,culture,Bamberg City Centre
trip_033,dea6d63c-d8cb-4308-85e7-ba2a4517ce21,2026-01-08T17:30:00,2026-01-08T18:25:00,sunday,return_home,public_transport,walking|regional_train|walking|car,36.0,55,0.0,monthly_pass,False,False,spontaneous,"Return home using the monthly pass, keeping cost low.",Bamberg,culture,Bamberg City Centre,Bamberg,home,Müller Residence
trip_034,dea6d63c-d8cb-4308-85e7-ba2a4517ce21,2026-01-09T08:00:00,2026-01-09T08:55:00,monday,errands,public_transport,car|walking|regional_train|walking,36.0,55,0.0,monthly_pass,False,False,spontaneous,Errand trip to city centre using monthly pass.,Bamberg,home,Müller Residence,Bamberg,culture,Bamberg City Centre
trip_035,dea6d63c-d8cb-4308-85e7-ba2a4517ce21,2026-01-09T17:30:00,2026-01-09T18:25:00,monday,return_home,public_transport,walking|regional_train|walking|car,36.0,55,0.0,monthly_pass,False,False,spontaneous,"Return home after errands, using the monthly pass.",Bamberg,culture,Bamberg City Centre,Bamberg,home,Müller Residence
trip_036,dea6d63c-d8cb-4308-85e7-ba2a4517ce21,2026-01-11T08:00:00,2026-01-11T08:55:00,wednesday,errands,public_transport,car|walking|regional_train|walking,36.0,55,0.0,monthly_pass,False,False,spontaneous,Mid‑week errands using the monthly pass.,Bamberg,home,Müller Residence,Bamberg,culture,Bamberg City Centre
trip_037,dea6d63c-d8cb-4308-85e7-ba2a4517ce21,2026-01-11T17:30:00,2026-01-11T18:25:00,wednesday,return_home,public_transport,walking|regional_train|walking|car,36.0,55,0.0,monthly_pass,False,False,spontaneous,"Return home after errands, low marginal cost.",Bamberg,culture,Bamberg City Centre,Bamberg,home,Müller Residence
trip_038,dea6d63c-d8cb-4308-85e7-ba2a4517ce21,2026-01-13T08:00:00,2026-01-13T08:55:00,friday,errands,public_transport,car|walking|regional_train|walking,36.0,55,0.0,monthly_pass,False,False,spontaneous,Friday errand trip using monthly pass.,Bamberg,home,Müller Residence,Bamberg,culture,Bamberg City Centre
trip_039,dea6d63c-d8cb-4308-85e7-ba2a4517ce21,2026-01-13T17:30:00,2026-01-13T18:25:00,friday,return_home,public_transport,walking|regional_train|walking|car,36.0,55,0.0,monthly_pass,False,False,spontaneous,Return home after Friday errands.,Bamberg,culture,Bamberg City Centre,Bamberg,home,Müller Residence
trip_040,dea6d63c-d8cb-4308-85e7-ba2a4517ce21,2026-01-12T17:00:00,2026-01-12T17:15:00,tuesday,leisure,bike,bike,6.0,15,0.0,none,False,False,spontaneous,Evening bike ride to the park for family recreation.,Bamberg,work,Gymnasium Bamberg,Bamberg,park,Bamberg Stadtpark
