trip_id,user_id,started_at,ended_at,duration_minutes,origin_label,origin_city,origin_postal_code,origin_country_code,destination_label,destination_city,destination_postal_code,destination_country_code,trip_purpose,trip_purpose_other,main_transport_mode,main_transport_mode_other,estimated_distance_km,is_commute,is_intermodal,is_recurring_pattern
a1b2c3d4-1111-2222-3333-444455556666,f9c2d5b3-1e8a-4f6c-9b0d-2a7e3c4d5f6a,2026-01-01 08:10:00+01:00,2026-01-01 08:35:00+01:00,25,home,Frankfurt,60311.0,DE,office,Frankfurt,60311.0,DE,commute,,public_transport,,8.0,True,False,True
b2c3d4e5-2222-3333-4444-555566667777,f9c2d5b3-1e8a-4f6c-9b0d-2a7e3c4d5f6a,2026-01-01 12:00:00+01:00,2026-01-01 12:20:00+01:00,20,office,Frankfurt,,DE,supermarket,Frankfurt,,DE,shopping,,bike_sharing,,2.0,False,False,False
c3d4e5f6-3333-4444-5555-666677778888,f9c2d5b3-1e8a-4f6c-9b0d-2a7e3c4d5f6a,2026-01-01 12:30:00+01:00,2026-01-01 12:50:00+01:00,20,supermarket,Frankfurt,,DE,home,Frankfurt,60311.0,DE,home_return,,bike_sharing,,2.0,False,False,False
d4e5f6a7-4444-5555-6666-777788889999,f9c2d5b3-1e8a-4f6c-9b0d-2a7e3c4d5f6a,2026-01-02 10:00:00+01:00,2026-01-02 10:15:00+01:00,15,home,Frankfurt,60311.0,DE,pharmacy,Frankfurt,,DE,errands,,bike_sharing,,3.0,False,False,False
e5f6a7b8-5555-6666-7777-88889999aaaa,f9c2d5b3-1e8a-4f6c-9b0d-2a7e3c4d5f6a,2026-01-02 10:20:00+01:00,2026-01-02 10:35:00+01:00,15,pharmacy,Frankfurt,,DE,home,Frankfurt,60311.0,DE,home_return,,bike_sharing,,3.0,False,False,False
f6a7b8c9-6666-7777-8888-9999aaaabbbb,f9c2d5b3-1e8a-4f6c-9b0d-2a7e3c4d5f6a,2026-01-03 09:00:00+01:00,2026-01-03 09:25:00+01:00,25,home,Frankfurt,60311.0,DE,gym,Frankfurt,,DE,sports,,bike_sharing,,2.0,False,False,False
a7b8c9d0-7777-8888-9999-aaaabbbbcccc,f9c2d5b3-1e8a-4f6c-9b0d-2a7e3c4d5f6a,2026-01-03 12:00:00+01:00,2026-01-03 12:15:00+01:00,15,gym,Frankfurt,,DE,restaurant,Frankfurt,,DE,social,,e_scooter,,3.0,False,False,False
b8c9d0e1-8888-9999-aaaa-bbbbccccdddd,f9c2d5b3-1e8a-4f6c-9b0d-2a7e3c4d5f6a,2026-01-03 14:30:00+01:00,2026-01-03 15:00:00+01:00,30,restaurant,Frankfurt,,DE,home,Frankfurt,60311.0,DE,home_return,,e_scooter,,2.5,False,False,False
c9d0e1f2-9999-aaaa-bbbb-ccccddddeeee,f9c2d5b3-1e8a-4f6c-9b0d-2a7e3c4d5f6a,2026-01-04 11:00:00+01:00,2026-01-04 11:20:00+01:00,20,home,Frankfurt,60311.0,DE,museum,Frankfurt,,DE,leisure,,public_transport,,4.0,False,False,False
d0e1f2g3-aaaa-bbbb-cccc-ddddeeeeffff,f9c2d5b3-1e8a-4f6c-9b0d-2a7e3c4d5f6a,2026-01-04 13:30:00+01:00,2026-01-04 13:50:00+01:00,20,museum,Frankfurt,,DE,home,Frankfurt,60311.0,DE,home_return,,public_transport,,4.0,False,False,False
e1f2g3h4-bbbb-cccc-dddd-eeeeffff1111,f9c2d5b3-1e8a-4f6c-9b0d-2a7e3c4d5f6a,2026-01-05 08:05:00+01:00,2026-01-05 08:30:00+01:00,25,home,Frankfurt,60311.0,DE,office,Frankfurt,60311.0,DE,commute,,public_transport,,8.0,True,False,True
f2g3h4i5-cccc-dddd-eeee-ffff11112222,f9c2d5b3-1e8a-4f6c-9b0d-2a7e3c4d5f6a,2026-01-05 17:30:00+01:00,2026-01-05 18:00:00+01:00,30,office,Frankfurt,60311.0,DE,home,Frankfurt,60311.0,DE,commute,,public_transport,,8.0,True,False,True
b2c3d4e5-1111-2222-3333-444455556667,f9c2d5b3-1e8a-4f6c-9b0d-2a7e3c4d5f6a,2026-01-08 12:15:00+01:00,2026-01-08 12:30:00+01:00,15,office,Frankfurt,60311.0,DE,cafe,Frankfurt,,DE,leisure,,walking,,1.0,False,False,False
c3d4e5f6-1111-2222-3333-444455556668,f9c2d5b3-1e8a-4f6c-9b0d-2a7e3c4d5f6a,2026-01-08 12:35:00+01:00,2026-01-08 12:45:00+01:00,10,cafe,Frankfurt,,DE,office,Frankfurt,60311.0,DE,other,,walking,,1.0,False,False,False
d4e5f6g7-1111-2222-3333-444455556669,f9c2d5b3-1e8a-4f6c-9b0d-2a7e3c4d5f6a,2026-01-08 18:00:00+01:00,2026-01-08 18:30:00+01:00,30,office,Frankfurt,60311.0,DE,home,Frankfurt,60311.0,DE,home_return,,public_transport,,12.0,True,False,True
e5f6g7h8-1111-2222-3333-444455556670,f9c2d5b3-1e8a-4f6c-9b0d-2a7e3c4d5f6a,2026-01-09 10:00:00+01:00,2026-01-09 10:20:00+01:00,20,home,Frankfurt,60311.0,DE,supermarket,Frankfurt,,DE,shopping,,bike_sharing,,2.0,False,False,False
f6g7h8i9-1111-2222-3333-444455556671,f9c2d5b3-1e8a-4f6c-9b0d-2a7e3c4d5f6a,2026-01-09 10:30:00+01:00,2026-01-09 10:50:00+01:00,20,supermarket,Frankfurt,,DE,home,Frankfurt,60311.0,DE,home_return,,walking,,1.5,False,False,False
g7h8i9j0-1111-2222-3333-444455556672,f9c2d5b3-1e8a-4f6c-9b0d-2a7e3c4d5f6a,2026-01-09 15:00:00+01:00,2026-01-09 15:10:00+01:00,10,home,Frankfurt,60311.0,DE,gym,Frankfurt,,DE,sports,,e_scooter,,3.0,False,False,False
h8i9j0k1-1111-2222-3333-444455556673,f9c2d5b3-1e8a-4f6c-9b0d-2a7e3c4d5f6a,2026-01-09 16:30:00+01:00,2026-01-09 16:45:00+01:00,15,gym,Frankfurt,,DE,friend_home,Frankfurt,,DE,social,,e_scooter,,2.0,False,False,False
i9j0k1l2-1111-2222-3333-444455556674,f9c2d5b3-1e8a-4f6c-9b0d-2a7e3c4d5f6a,2026-01-09 20:00:00+01:00,2026-01-09 20:15:00+01:00,15,friend_home,Frankfurt,,DE,home,Frankfurt,60311.0,DE,home_return,,walking,,1.0,False,False,False
j0k1l2m3-1111-2222-3333-444455556675,f9c2d5b3-1e8a-4f6c-9b0d-2a7e3c4d5f6a,2026-01-10 11:00:00+01:00,2026-01-10 11:20:00+01:00,20,home,Frankfurt,60311.0,DE,park,Frankfurt,,DE,leisure,,walking,,2.0,False,False,False
k1l2m3n4-1111-2222-3333-444455556676,f9c2d5b3-1e8a-4f6c-9b0d-2a7e3c4d5f6a,2026-01-10 13:00:00+01:00,2026-01-10 13:10:00+01:00,10,park,Frankfurt,,DE,restaurant,Frankfurt,,DE,leisure,,e_scooter,,1.0,False,False,False
l2m3n4o5-1111-2222-3333-444455556677,f9c2d5b3-1e8a-4f6c-9b0d-2a7e3c4d5f6a,2026-01-10 15:00:00+01:00,2026-01-10 15:20:00+01:00,20,restaurant,Frankfurt,,DE,home,Frankfurt,60311.0,DE,home_return,,walking,,2.0,False,False,False
a1b2c3d4-1111-2222-3333-444455556667,f9c2d5b3-1e8a-4f6c-9b0d-2a7e3c4d5f6a,2026-01-15 17:45:00+01:00,2026-01-15 18:10:00+01:00,25,office,Frankfurt,,DE,home,Frankfurt,,DE,commute,,public_transport,,12.0,True,False,True
a1b2c3d4-1111-2222-3333-444455556668,f9c2d5b3-1e8a-4f6c-9b0d-2a7e3c4d5f6a,2026-01-16 12:00:00+01:00,2026-01-16 12:20:00+01:00,20,home,Frankfurt,,DE,supermarket,Frankfurt,,DE,shopping,,bike_sharing,,4.0,False,False,False
a1b2c3d4-1111-2222-3333-444455556669,f9c2d5b3-1e8a-4f6c-9b0d-2a7e3c4d5f6a,2026-01-16 12:30:00+01:00,2026-01-16 12:45:00+01:00,15,supermarket,Frankfurt,,DE,home,Frankfurt,,DE,shopping,,bike_sharing,,4.0,False,False,False
a1b2c3d4-1111-2222-3333-444455556670,f9c2d5b3-1e8a-4f6c-9b0d-2a7e3c4d5f6a,2026-01-17 09:30:00+01:00,2026-01-17 10:00:00+01:00,30,home,Frankfurt,,DE,gym,Frankfurt,,DE,sports,,walking,,2.0,False,False,False
a1b2c3d4-1111-2222-3333-444455556671,f9c2d5b3-1e8a-4f6c-9b0d-2a7e3c4d5f6a,2026-01-17 12:15:00+01:00,2026-01-17 12:35:00+01:00,20,gym,Frankfurt,,DE,restaurant,Frankfurt,,DE,social,,e_scooter,,3.0,False,False,False
a1b2c3d4-1111-2222-3333-444455556672,f9c2d5b3-1e8a-4f6c-9b0d-2a7e3c4d5f6a,2026-01-18 09:00:00+01:00,2026-01-18 10:30:00+01:00,90,home,Frankfurt,,DE,Wiesbaden,Wiesbaden,,DE,leisure,,regional_train,,40.0,False,False,False
a1b2c3d4-1111-2222-3333-444455556673,f9c2d5b3-1e8a-4f6c-9b0d-2a7e3c4d5f6a,2026-01-18 18:00:00+01:00,2026-01-18 19:30:00+01:00,90,Wiesbaden,Wiesbaden,,DE,home,Frankfurt,,DE,leisure,,regional_train,,40.0,False,False,False
a1b2c3d4-1111-2222-3333-444455556674,f9c2d5b3-1e8a-4f6c-9b0d-2a7e3c4d5f6a,2026-01-19 08:15:00+01:00,2026-01-19 08:40:00+01:00,25,home,Frankfurt,,DE,office,Frankfurt,,DE,commute,,public_transport,,12.0,True,False,True
a1b2c3d4-1111-2222-3333-444455556675,f9c2d5b3-1e8a-4f6c-9b0d-2a7e3c4d5f6a,2026-01-19 17:50:00+01:00,2026-01-19 18:15:00+01:00,25,office,Frankfurt,,DE,home,Frankfurt,,DE,commute,,public_transport,,12.0,True,False,True
a1b2c3d4-1111-2222-3333-444455556676,f9c2d5b3-1e8a-4f6c-9b0d-2a7e3c4d5f6a,2026-01-20 13:00:00+01:00,2026-01-20 13:25:00+01:00,25,home,Frankfurt,,DE,shopping_center,Frankfurt,,DE,shopping,,bike_sharing,,5.0,False,False,False
a1b2c3d4-1111-2222-3333-444455556677,f9c2d5b3-1e8a-4f6c-9b0d-2a7e3c4d5f6a,2026-01-20 13:45:00+01:00,2026-01-20 14:00:00+01:00,15,shopping_center,Frankfurt,,DE,home,Frankfurt,,DE,shopping,,bike_sharing,,5.0,False,False,False
d4e5f6g7-4444-5555-6666-777788889999,f9c2d5b3-1e8a-4f6c-9b0d-2a7e3c4d5f6a,2026-01-23 19:00:00+00:00,2026-01-23 19:12:00+00:00,12,home,Frankfurt,60311.0,DE,friend_home,Frankfurt,,DE,social,,e_scooter,,3.0,False,False,False
e5f6g7h8-5555-6666-7777-88889999aaaa,f9c2d5b3-1e8a-4f6c-9b0d-2a7e3c4d5f6a,2026-01-23 21:30:00+00:00,2026-01-23 22:05:00+00:00,35,friend_home,Frankfurt,,DE,home,Frankfurt,60311.0,DE,home_return,,walking,,2.5,False,False,False
f6g7h8i9-6666-7777-8888-9999aaaabbbb,f9c2d5b3-1e8a-4f6c-9b0d-2a7e3c4d5f6a,2026-01-24 13:00:00+00:00,2026-01-24 13:11:00+00:00,11,home,Frankfurt,60311.0,DE,restaurant,Frankfurt,,DE,leisure,,e_scooter,,2.8,False,False,False
g7h8i9j0-7777-8888-9999-aaaabbbbcccc,f9c2d5b3-1e8a-4f6c-9b0d-2a7e3c4d5f6a,2026-01-24 15:30:00+00:00,2026-01-24 15:42:00+00:00,12,restaurant,Frankfurt,,DE,home,Frankfurt,60311.0,DE,home_return,,e_scooter,,2.8,False,False,False
h8i9j0k1-8888-9999-aaaa-bbbbccccdddd,f9c2d5b3-1e8a-4f6c-9b0d-2a7e3c4d5f6a,2026-01-25 10:00:00+00:00,2026-01-25 10:12:00+00:00,12,home,Frankfurt,60311.0,DE,gym,Frankfurt,,DE,sports,,bike_sharing,,3.0,False,False,False
i9j0k1l2-9999-aaaa-bbbb-ccccddddeeee,f9c2d5b3-1e8a-4f6c-9b0d-2a7e3c4d5f6a,2026-01-25 12:30:00+00:00,2026-01-25 12:43:00+00:00,13,gym,Frankfurt,,DE,home,Frankfurt,60311.0,DE,home_return,,bike_sharing,,3.0,False,False,False
j0k1l2m3-aaaa-bbbb-cccc-ddddeeeeffff,f9c2d5b3-1e8a-4f6c-9b0d-2a7e3c4d5f6a,2026-01-26 07:35:00+00:00,2026-01-26 08:09:00+00:00,34,home,Frankfurt,60311.0,DE,office,Frankfurt,,DE,commute,,public_transport,,12.0,True,False,True
k1l2m3n4-bbbb-cccc-dddd-eeeeffff1111,f9c2d5b3-1e8a-4f6c-9b0d-2a7e3c4d5f6a,2026-01-26 18:10:00+00:00,2026-01-26 18:48:00+00:00,38,office,Frankfurt,,DE,home,Frankfurt,60311.0,DE,commute,,public_transport,,12.0,True,False,True
h8i9j0k1-8888-9999-aaaa-bbbbbbccccdd,f9c2d5b3-1e8a-4f6c-9b0d-2a7e3c4d5f6a,2026-02-07 12:30:00+01:00,2026-02-07 13:00:00+01:00,30,supermarket,Frankfurt,,DE,home,Frankfurt,60311.0,DE,shopping,,bike_sharing,,4.0,False,False,True
l2m3n4o5-cccc-dddd-eeee-ffff11112222,f9c2d5b3-1e8a-4f6c-9b0d-2a7e3c4d5f6a,2026-02-08 20:30:00+01:00,2026-02-08 21:15:00+01:00,45,Wiesbaden,Wiesbaden,65185.0,DE,home,Frankfurt,60311.0,DE,leisure,,regional_train,,40.0,False,False,False
a1b2c3d4-0001-0000-0000-000000000001,f9c2d5b3-1e8a-4f6c-9b0d-2a7e3c4d5f6a,2026-02-19 09:30:00+00:00,2026-02-19 10:00:00+00:00,30,home,Frankfurt,60311.0,DE,cafe,Frankfurt,,DE,leisure,,e_scooter,,3.0,False,False,False
a1b2c3d4-0002-0000-0000-000000000002,f9c2d5b3-1e8a-4f6c-9b0d-2a7e3c4d5f6a,2026-02-19 10:05:00+00:00,2026-02-19 10:20:00+00:00,15,cafe,Frankfurt,,DE,home,Frankfurt,60311.0,DE,home_return,,walking,,1.0,False,False,False
a1b2c3d4-0003-0000-0000-000000000003,f9c2d5b3-1e8a-4f6c-9b0d-2a7e3c4d5f6a,2026-02-19 20:00:00+00:00,2026-02-19 20:30:00+00:00,30,home,Frankfurt,60311.0,DE,bar,Frankfurt,,DE,social,,e_scooter,,2.5,False,False,False
a1b2c3d4-0004-0000-0000-000000000004,f9c2d5b3-1e8a-4f6c-9b0d-2a7e3c4d5f6a,2026-02-20 08:00:00+00:00,2026-02-20 08:30:00+00:00,30,home,Frankfurt,60311.0,DE,park,Frankfurt,,DE,leisure,,walking,,1.5,False,False,False
a1b2c3d4-0005-0000-0000-000000000005,f9c2d5b3-1e8a-4f6c-9b0d-2a7e3c4d5f6a,2026-02-20 08:35:00+00:00,2026-02-20 09:00:00+00:00,25,park,Frankfurt,,DE,home,Frankfurt,60311.0,DE,home_return,,walking,,1.5,False,False,False
a1b2c3d4-0006-0000-0000-000000000006,f9c2d5b3-1e8a-4f6c-9b0d-2a7e3c4d5f6a,2026-02-20 12:00:00+00:00,2026-02-20 12:45:00+00:00,45,home,Frankfurt,60311.0,DE,supermarket,Frankfurt,,DE,shopping,,bike_sharing,,4.0,False,False,False
a1b2c3d4-0007-0000-0000-000000000007,f9c2d5b3-1e8a-4f6c-9b0d-2a7e3c4d5f6a,2026-02-20 13:00:00+00:00,2026-02-20 13:30:00+00:00,30,supermarket,Frankfurt,,DE,home,Frankfurt,60311.0,DE,home_return,,bike_sharing,,4.0,False,False,False
a1b2c3d4-0008-0000-0000-000000000008,f9c2d5b3-1e8a-4f6c-9b0d-2a7e3c4d5f6a,2026-02-21 10:00:00+00:00,2026-02-21 10:20:00+00:00,20,home,Frankfurt,60311.0,DE,pharmacy,Frankfurt,,DE,errands,,bike_sharing,,2.0,False,False,False
a1b2c3d4-0009-0000-0000-000000000009,f9c2d5b3-1e8a-4f6c-9b0d-2a7e3c4d5f6a,2026-02-21 10:25:00+00:00,2026-02-21 10:45:00+00:00,20,pharmacy,Frankfurt,,DE,home,Frankfurt,60311.0,DE,home_return,,bike_sharing,,2.0,False,False,False
a1b2c3d4-0010-0000-0000-000000000010,f9c2d5b3-1e8a-4f6c-9b0d-2a7e3c4d5f6a,2026-02-22 07:45:00+00:00,2026-02-22 08:10:00+00:00,25,home,Frankfurt,60311.0,DE,office,Frankfurt,60311.0,DE,commute,,public_transport,,7.0,True,False,True
a1b2c3d4-0011-0000-0000-000000000011,f9c2d5b3-1e8a-4f6c-9b0d-2a7e3c4d5f6a,2026-02-22 17:30:00+00:00,2026-02-22 18:00:00+00:00,30,office,Frankfurt,60311.0,DE,home,Frankfurt,60311.0,DE,commute,,public_transport,,7.0,True,False,True
a1b2c3d4-0012-0000-0000-000000000012,f9c2d5b3-1e8a-4f6c-9b0d-2a7e3c4d5f6a,2026-02-25 19:00:00+00:00,2026-02-25 19:30:00+00:00,30,home,Frankfurt,60311.0,DE,friend_home,Frankfurt,,DE,social,,e_scooter,,3.0,False,False,False
a1b2c3d4-0001-1111-2222-333344445555,f9c2d5b3-1e8a-4f6c-9b0d-2a7e3c4d5f6a,2026-03-05 09:00:00+01:00,2026-03-05 09:10:00+01:00,10,home,Frankfurt,60311.0,DE,café,Frankfurt,,DE,leisure,,e_scooter,,2.0,False,False,False
a1b2c3d4-0002-1111-2222-333344445555,f9c2d5b3-1e8a-4f6c-9b0d-2a7e3c4d5f6a,2026-03-05 10:30:00+01:00,2026-03-05 10:45:00+01:00,15,café,Frankfurt,,DE,home,Frankfurt,60311.0,DE,home_return,,walking,,1.5,False,False,False
a1b2c3d4-0003-1111-2222-333344445555,f9c2d5b3-1e8a-4f6c-9b0d-2a7e3c4d5f6a,2026-03-06 09:15:00+01:00,2026-03-06 09:45:00+01:00,30,home,Frankfurt,60311.0,DE,supermarket,Frankfurt,,DE,shopping,,public_transport,,5.0,False,False,False
a1b2c3d4-0004-1111-2222-333344445555,f9c2d5b3-1e8a-4f6c-9b0d-2a7e3c4d5f6a,2026-03-06 12:30:00+01:00,2026-03-06 13:00:00+01:00,30,supermarket,Frankfurt,,DE,home,Frankfurt,60311.0,DE,home_return,,public_transport,,5.0,False,False,False
a1b2c3d4-0005-1111-2222-333344445555,f9c2d5b3-1e8a-4f6c-9b0d-2a7e3c4d5f6a,2026-03-07 08:20:00+01:00,2026-03-07 08:45:00+01:00,25,home,Frankfurt,60311.0,DE,office,Frankfurt,60311.0,DE,commute,,public_transport,,6.0,True,False,True
a1b2c3d4-0006-1111-2222-333344445555,f9c2d5b3-1e8a-4f6c-9b0d-2a7e3c4d5f6a,2026-03-07 17:30:00+01:00,2026-03-07 18:00:00+01:00,30,office,Frankfurt,60311.0,DE,home,Frankfurt,60311.0,DE,home_return,,public_transport,,6.0,True,False,True
a1b2c3d4-0007-1111-2222-333344445555,f9c2d5b3-1e8a-4f6c-9b0d-2a7e3c4d5f6a,2026-03-08 08:15:00+01:00,2026-03-08 08:40:00+01:00,25,home,Frankfurt,60311.0,DE,office,Frankfurt,60311.0,DE,commute,,public_transport,,6.0,True,False,True
a1b2c3d4-0008-1111-2222-333344445555,f9c2d5b3-1e8a-4f6c-9b0d-2a7e3c4d5f6a,2026-03-08 18:10:00+01:00,2026-03-08 18:25:00+01:00,15,office,Frankfurt,60311.0,DE,gym,Frankfurt,,DE,sports,,bike_sharing,,3.0,False,False,False
a1b2c3d4-0009-1111-2222-333344445555,f9c2d5b3-1e8a-4f6c-9b0d-2a7e3c4d5f6a,2026-03-08 19:30:00+01:00,2026-03-08 19:45:00+01:00,15,gym,Frankfurt,,DE,home,Frankfurt,60311.0,DE,home_return,,bike_sharing,,3.0,False,False,False
a1b2c3d4-0010-1111-2222-333344445555,f9c2d5b3-1e8a-4f6c-9b0d-2a7e3c4d5f6a,2026-03-09 15:00:00+01:00,2026-03-09 15:12:00+01:00,12,home,Frankfurt,60311.0,DE,library,Frankfurt,,DE,leisure,,e_scooter,,2.0,False,False,False
a1b2c3d4-0011-1111-2222-333344445555,f9c2d5b3-1e8a-4f6c-9b0d-2a7e3c4d5f6a,2026-03-09 17:00:00+01:00,2026-03-09 17:15:00+01:00,15,library,Frankfurt,,DE,home,Frankfurt,60311.0,DE,home_return,,walking,,1.5,False,False,False
k1l2m3n4-bbbb-cccc-dddd-eeeeffffgggg,f9c2d5b3-1e8a-4f6c-9b0d-2a7e3c4d5f6a,2026-03-16 12:30:00+01:00,2026-03-16 12:37:00+01:00,7,office,Frankfurt,60311.0,DE,restaurant,Frankfurt,,DE,leisure,,walking,,0.5,False,False,False
l2m3n4o5-cccc-dddd-eeee-ffffgggghhhh,f9c2d5b3-1e8a-4f6c-9b0d-2a7e3c4d5f6a,2026-03-16 17:45:00+01:00,2026-03-16 17:52:00+01:00,7,restaurant,Frankfurt,,DE,home,Frankfurt,60311.0,DE,home_return,,walking,,0.5,False,False,False
g7h8i9j0-7777-8888-9999-aaaa1111bbbb,f9c2d5b3-1e8a-4f6c-9b0d-2a7e3c4d5f6a,2026-04-04 09:20:00+02:00,2026-04-04 09:35:00+02:00,15,park,Frankfurt,,DE,home,Frankfurt,60311.0,DE,leisure,,walking,,1.0,False,False,False
h8i9j0k1-8888-9999-aaaa-bbbb2222cccc,f9c2d5b3-1e8a-4f6c-9b0d-2a7e3c4d5f6a,2026-04-05 08:00:00+02:00,2026-04-05 08:25:00+02:00,25,home,Frankfurt,60311.0,DE,office,Frankfurt,60311.0,DE,commute,,public_transport,,8.0,True,False,True
i9j0k1l2-9999-aaaa-bbbb-cccc3333dddd,f9c2d5b3-1e8a-4f6c-9b0d-2a7e3c4d5f6a,2026-04-05 17:30:00+02:00,2026-04-05 17:57:00+02:00,27,office,Frankfurt,60311.0,DE,home,Frankfurt,60311.0,DE,commute,,public_transport,,8.0,True,False,True
j0k1l2m3-aaaa-bbbb-cccc-dddd4444eeee,f9c2d5b3-1e8a-4f6c-9b0d-2a7e3c4d5f6a,2026-04-07 08:10:00+02:00,2026-04-07 08:36:00+02:00,26,home,Frankfurt,60311.0,DE,office,Frankfurt,60311.0,DE,commute,,public_transport,,8.0,True,False,True
k1l2m3n4-bbbb-cccc-dddd-eeee5555ffff,f9c2d5b3-1e8a-4f6c-9b0d-2a7e3c4d5f6a,2026-04-07 17:45:00+02:00,2026-04-07 18:12:00+02:00,27,office,Frankfurt,60311.0,DE,home,Frankfurt,60311.0,DE,commute,,public_transport,,8.0,True,False,True
a1b2c3d4-0012-1111-2222-333344445555,f9c2d5b3-1e8a-4f6c-9b0d-2a7e3c4d5f6a,2026-04-26 12:30:00+02:00,2026-04-26 12:45:00+02:00,15,market,Frankfurt,,DE,home,Frankfurt,60311.0,DE,shopping,,bike_sharing,,3.0,False,False,True
c1111111-1111-1111-1111-111111111111,f9c2d5b3-1e8a-4f6c-9b0d-2a7e3c4d5f6a,2026-05-14 09:30:00+02:00,2026-05-14 09:42:00+02:00,12,home,Frankfurt,60311.0,DE,supermarket,Frankfurt,,DE,shopping,,bike_sharing,,3.0,False,False,False
c2222222-2222-2222-2222-222222222222,f9c2d5b3-1e8a-4f6c-9b0d-2a7e3c4d5f6a,2026-05-14 09:45:00+02:00,2026-05-14 09:57:00+02:00,12,supermarket,Frankfurt,,DE,home,Frankfurt,60311.0,DE,home_return,,bike_sharing,,3.0,False,False,False
c3333333-3333-3333-3333-333333333333,f9c2d5b3-1e8a-4f6c-9b0d-2a7e3c4d5f6a,2026-05-14 18:00:00+02:00,2026-05-14 18:08:00+02:00,8,home,Frankfurt,60311.0,DE,friend_home,Frankfurt,,DE,social,,e_scooter,,2.0,False,False,False
c4444444-4444-4444-4444-444444444444,f9c2d5b3-1e8a-4f6c-9b0d-2a7e3c4d5f6a,2026-05-14 20:30:00+02:00,2026-05-14 20:38:00+02:00,8,friend_home,Frankfurt,,DE,home,Frankfurt,60311.0,DE,home_return,,e_scooter,,2.0,False,False,False
c5555555-5555-5555-5555-555555555555,f9c2d5b3-1e8a-4f6c-9b0d-2a7e3c4d5f6a,2026-05-15 08:20:00+02:00,2026-05-15 08:50:00+02:00,30,home,Frankfurt,60311.0,DE,office,Frankfurt,60311.0,DE,commute,,public_transport,,8.0,True,False,True
c6666666-6666-6666-6666-666666666666,f9c2d5b3-1e8a-4f6c-9b0d-2a7e3c4d5f6a,2026-05-15 17:40:00+02:00,2026-05-15 18:15:00+02:00,35,office,Frankfurt,60311.0,DE,home,Frankfurt,60311.0,DE,commute,,public_transport,,8.0,True,False,True
c7777777-7777-7777-7777-777777777777,f9c2d5b3-1e8a-4f6c-9b0d-2a7e3c4d5f6a,2026-05-15 18:30:00+02:00,2026-05-15 18:37:00+02:00,7,home,Frankfurt,60311.0,DE,gym,Frankfurt,,DE,sports,,bike_sharing,,1.0,False,False,False
c8888888-8888-8888-8888-888888888888,f9c2d5b3-1e8a-4f6c-9b0d-2a7e3c4d5f6a,2026-05-15 19:30:00+02:00,2026-05-15 19:37:00+02:00,7,gym,Frankfurt,,DE,home,Frankfurt,60311.0,DE,home_return,,bike_sharing,,1.0,False,False,False
c9999999-9999-9999-9999-999999999999,f9c2d5b3-1e8a-4f6c-9b0d-2a7e3c4d5f6a,2026-05-16 10:00:00+02:00,2026-05-16 10:20:00+02:00,20,home,Frankfurt,60311.0,DE,park,Frankfurt,,DE,leisure,,walking,,1.5,False,False,False
caaaaaaaa-aaaa-aaaa-aaaa-aaaaaaaaaaaa,f9c2d5b3-1e8a-4f6c-9b0d-2a7e3c4d5f6a,2026-05-16 12:00:00+02:00,2026-05-16 12:20:00+02:00,20,park,Frankfurt,,DE,home,Frankfurt,60311.0,DE,home_return,,walking,,1.5,False,False,False
cbbbbbbbb-bbbb-bbbb-bbbb-bbbbbbbbbbbb,f9c2d5b3-1e8a-4f6c-9b0d-2a7e3c4d5f6a,2026-05-17 15:00:00+02:00,2026-05-17 15:25:00+02:00,25,home,Frankfurt,60311.0,DE,museum,Frankfurt,,DE,leisure,,public_transport,,5.0,False,False,False
cccccccc-cccc-cccc-cccc-cccccccccccc,f9c2d5b3-1e8a-4f6c-9b0d-2a7e3c4d5f6a,2026-05-17 17:30:00+02:00,2026-05-17 17:55:00+02:00,25,museum,Frankfurt,,DE,home,Frankfurt,60311.0,DE,home_return,,public_transport,,5.0,False,False,False
a1111111-1111-1111-1111-111111111111,f9c2d5b3-1e8a-4f6c-9b0d-2a7e3c4d5f6a,2026-05-23 08:10:00+02:00,2026-05-23 08:45:00+02:00,35,home,Frankfurt,60311.0,DE,office,Frankfurt,60311.0,DE,commute,,public_transport,,8.0,True,False,True
a2222222-2222-2222-2222-222222222222,f9c2d5b3-1e8a-4f6c-9b0d-2a7e3c4d5f6a,2026-05-23 17:30:00+02:00,2026-05-23 18:05:00+02:00,35,office,Frankfurt,60311.0,DE,home,Frankfurt,60311.0,DE,commute,,public_transport,,8.0,True,False,True
a3333333-3333-3333-3333-333333333333,f9c2d5b3-1e8a-4f6c-9b0d-2a7e3c4d5f6a,2026-05-24 10:20:00+02:00,2026-05-24 10:45:00+02:00,25,home,Frankfurt,60311.0,DE,supermarket,Frankfurt,,DE,shopping,,bike_sharing,,3.0,False,False,False
a4444444-4444-4444-4444-444444444444,f9c2d5b3-1e8a-4f6c-9b0d-2a7e3c4d5f6a,2026-05-24 11:00:00+02:00,2026-05-24 11:15:00+02:00,15,supermarket,Frankfurt,,DE,home,Frankfurt,60311.0,DE,home_return,,walking,,1.5,False,False,False
a5555555-5555-5555-5555-555555555555,f9c2d5b3-1e8a-4f6c-9b0d-2a7e3c4d5f6a,2026-05-25 08:15:00+02:00,2026-05-25 08:50:00+02:00,35,home,Frankfurt,60311.0,DE,office,Frankfurt,60311.0,DE,commute,,public_transport,,8.0,True,False,True
a6666666-6666-6666-6666-666666666666,f9c2d5b3-1e8a-4f6c-9b0d-2a7e3c4d5f6a,2026-05-25 17:35:00+02:00,2026-05-25 18:10:00+02:00,35,office,Frankfurt,60311.0,DE,home,Frankfurt,60311.0,DE,commute,,public_transport,,8.0,True,False,True
a7777777-7777-7777-7777-777777777777,f9c2d5b3-1e8a-4f6c-9b0d-2a7e3c4d5f6a,2026-05-25 18:45:00+02:00,2026-05-25 19:10:00+02:00,25,office,Frankfurt,60311.0,DE,gym,Frankfurt,,DE,sports,,bike_sharing,,2.0,False,False,False
a8888888-8888-8888-8888-888888888888,f9c2d5b3-1e8a-4f6c-9b0d-2a7e3c4d5f6a,2026-05-25 19:10:00+02:00,2026-05-25 19:30:00+02:00,20,gym,Frankfurt,,DE,home,Frankfurt,60311.0,DE,home_return,,walking,,1.5,False,False,False
a9999999-9999-9999-9999-999999999999,f9c2d5b3-1e8a-4f6c-9b0d-2a7e3c4d5f6a,2026-05-27 08:20:00+02:00,2026-05-27 08:55:00+02:00,35,home,Frankfurt,60311.0,DE,office,Frankfurt,60311.0,DE,commute,,public_transport,,8.0,True,False,True
b1111111-1111-1111-1111-111111111112,f9c2d5b3-1e8a-4f6c-9b0d-2a7e3c4d5f6a,2026-05-27 17:40:00+02:00,2026-05-27 18:15:00+02:00,35,office,Frankfurt,60311.0,DE,home,Frankfurt,60311.0,DE,commute,,public_transport,,8.0,True,False,True
b2222222-2222-2222-2222-222222222223,f9c2d5b3-1e8a-4f6c-9b0d-2a7e3c4d5f6a,2026-05-27 19:00:00+02:00,2026-05-27 19:12:00+02:00,12,office,Frankfurt,60311.0,DE,restaurant,Frankfurt,,DE,social,,e_scooter,,3.0,False,False,False
b3333333-3333-3333-3333-333333333334,f9c2d5b3-1e8a-4f6c-9b0d-2a7e3c4d5f6a,2026-05-27 21:30:00+02:00,2026-05-27 21:45:00+02:00,15,restaurant,Frankfurt,,DE,home,Frankfurt,60311.0,DE,home_return,,e_scooter,,3.0,False,False,False
a1f2c3d4-1111-2222-3333-444455556666,f9c2d5b3-1e8a-4f6c-9b0d-2a7e3c4d5f6a,2026-05-28 19:00:00+02:00,2026-05-28 19:25:00+02:00,25,home,Frankfurt,60311.0,DE,restaurant,Frankfurt,,DE,social,,e_scooter,,4.0,False,False,False
b2e3f4a5-7777-8888-9999-aaaabbbbcccc,f9c2d5b3-1e8a-4f6c-9b0d-2a7e3c4d5f6a,2026-05-28 22:00:00+02:00,2026-05-28 22:20:00+02:00,20,restaurant,Frankfurt,,DE,home,Frankfurt,60311.0,DE,home_return,,e_scooter,,3.5,False,False,False
c3d4e5f6-1111-2222-3333-555566667777,f9c2d5b3-1e8a-4f6c-9b0d-2a7e3c4d5f6a,2026-05-29 10:00:00+02:00,2026-05-29 10:30:00+02:00,30,home,Frankfurt,60311.0,DE,market,Frankfurt,,DE,shopping,,bike_sharing,,5.0,False,False,False
d4e5f6a7-8888-9999-aaaa-bbbbccccdddd,f9c2d5b3-1e8a-4f6c-9b0d-2a7e3c4d5f6a,2026-05-29 13:00:00+02:00,2026-05-29 13:15:00+02:00,15,market,Frankfurt,,DE,home,Frankfurt,60311.0,DE,errands,,walking,,1.0,False,False,False
e5f6a7b8-2222-3333-4444-eeeeffff0000,f9c2d5b3-1e8a-4f6c-9b0d-2a7e3c4d5f6a,2026-05-30 07:45:00+02:00,2026-05-30 08:20:00+02:00,35,home,Frankfurt,60311.0,DE,office,Frankfurt,60311.0,DE,commute,,public_transport,,8.0,True,False,True
f6a7b8c9-5555-6666-7777-111122223333,f9c2d5b3-1e8a-4f6c-9b0d-2a7e3c4d5f6a,2026-05-30 18:00:00+02:00,2026-05-30 18:35:00+02:00,35,office,Frankfurt,60311.0,DE,gym,Frankfurt,,DE,sports,,bike_sharing,,4.0,False,False,False
a7b8c9d0-9999-aaaa-bbbb-ccccddddeeee,f9c2d5b3-1e8a-4f6c-9b0d-2a7e3c4d5f6a,2026-05-31 12:30:00+02:00,2026-05-31 12:55:00+02:00,25,home,Frankfurt,60311.0,DE,supermarket,Frankfurt,,DE,shopping,,bike_sharing,,3.0,False,False,False
b8c9d0e1-3333-4444-5555-666677778888,f9c2d5b3-1e8a-4f6c-9b0d-2a7e3c4d5f6a,2026-05-31 13:20:00+02:00,2026-05-31 13:35:00+02:00,15,supermarket,Frankfurt,,DE,home,Frankfurt,60311.0,DE,home_return,,walking,,1.2,False,False,False
c9d0e1f2-7777-8888-9999-aaaa11112222,f9c2d5b3-1e8a-4f6c-9b0d-2a7e3c4d5f6a,2026-06-01 07:40:00+02:00,2026-06-01 08:15:00+02:00,35,home,Frankfurt,60311.0,DE,office,Frankfurt,60311.0,DE,commute,,public_transport,,8.0,True,False,True
d0e1f2a3-1111-2222-3333-444455556777,f9c2d5b3-1e8a-4f6c-9b0d-2a7e3c4d5f6a,2026-06-01 18:30:00+02:00,2026-06-01 19:00:00+02:00,30,office,Frankfurt,60311.0,DE,friend_home,Frankfurt,,DE,social,,e_scooter,,5.0,False,False,False
e1f2a3b4-5555-6666-7777-88889999aaaa,f9c2d5b3-1e8a-4f6c-9b0d-2a7e3c4d5f6a,2026-06-02 09:00:00+02:00,2026-06-02 09:30:00+02:00,30,home,Frankfurt,60311.0,DE,park,Frankfurt,,DE,leisure,,walking,,2.0,False,False,False
f2a3b4c5-9999-aaaa-bbbb-ccccddddeeee,f9c2d5b3-1e8a-4f6c-9b0d-2a7e3c4d5f6a,2026-06-03 10:00:00+02:00,2026-06-03 10:25:00+02:00,25,home,Frankfurt,60311.0,DE,library,Frankfurt,,DE,education,,public_transport,,6.0,False,False,False
c1a2b3c4-1111-2222-3333-444455556666,f9c2d5b3-1e8a-4f6c-9b0d-2a7e3c4d5f6a,2026-06-18 08:30:00+00:00,2026-06-18 08:50:00+00:00,20,home,Frankfurt,60311.0,DE,cafe,Frankfurt,,DE,leisure,,walking,,1.5,False,False,False
c2b3d4e5-1111-2222-3333-444455556667,f9c2d5b3-1e8a-4f6c-9b0d-2a7e3c4d5f6a,2026-06-18 18:00:00+00:00,2026-06-18 18:10:00+00:00,10,home,Frankfurt,60311.0,DE,gym,Frankfurt,,DE,sports,,bike_sharing,,3.0,False,False,False
c3c4d5e6-1111-2222-3333-444455556668,f9c2d5b3-1e8a-4f6c-9b0d-2a7e3c4d5f6a,2026-06-19 10:00:00+00:00,2026-06-19 10:08:00+00:00,8,home,Frankfurt,60311.0,DE,supermarket,Frankfurt,,DE,shopping,,bike_sharing,,2.0,False,False,False
c4d5e6f7-1111-2222-3333-444455556669,f9c2d5b3-1e8a-4f6c-9b0d-2a7e3c4d5f6a,2026-06-19 15:00:00+00:00,2026-06-19 15:09:00+00:00,9,home,Frankfurt,60311.0,DE,park,Frankfurt,,DE,leisure,,e_scooter,,3.0,False,False,False
c5e6f7g8-1111-2222-3333-444455556670,f9c2d5b3-1e8a-4f6c-9b0d-2a7e3c4d5f6a,2026-06-20 16:30:00+00:00,2026-06-20 16:42:00+00:00,12,home,Frankfurt,60311.0,DE,restaurant,Frankfurt,,DE,social,,e_scooter,,4.0,False,False,False
c6f7g8h9-1111-2222-3333-444455556671,f9c2d5b3-1e8a-4f6c-9b0d-2a7e3c4d5f6a,2026-06-21 08:15:00+00:00,2026-06-21 08:35:00+00:00,20,home,Frankfurt,60311.0,DE,office,Frankfurt,60311.0,DE,commute,,public_transport,,5.0,True,False,True
c7g8h9i0-1111-2222-3333-444455556672,f9c2d5b3-1e8a-4f6c-9b0d-2a7e3c4d5f6a,2026-06-21 17:45:00+00:00,2026-06-21 18:07:00+00:00,22,office,Frankfurt,60311.0,DE,home,Frankfurt,60311.0,DE,commute,,public_transport,,5.0,True,False,True
c8h9i0j1-1111-2222-3333-444455556673,f9c2d5b3-1e8a-4f6c-9b0d-2a7e3c4d5f6a,2026-06-22 09:30:00+00:00,2026-06-22 09:55:00+00:00,25,home,Frankfurt,60311.0,DE,library,Frankfurt,,DE,errands,,walking,,2.0,False,False,False
c9i0j1k2-1111-2222-3333-444455556674,f9c2d5b3-1e8a-4f6c-9b0d-2a7e3c4d5f6a,2026-06-23 08:20:00+00:00,2026-06-23 08:40:00+00:00,20,home,Frankfurt,60311.0,DE,office,Frankfurt,60311.0,DE,commute,,public_transport,,5.0,True,False,True
c0j1k2l3-1111-2222-3333-444455556675,f9c2d5b3-1e8a-4f6c-9b0d-2a7e3c4d5f6a,2026-06-23 18:10:00+00:00,2026-06-23 18:33:00+00:00,23,office,Frankfurt,60311.0,DE,home,Frankfurt,60311.0,DE,commute,,public_transport,,5.0,True,False,True
c1k2l3m4-1111-2222-3333-444455556676,f9c2d5b3-1e8a-4f6c-9b0d-2a7e3c4d5f6a,2026-06-24 08:10:00+00:00,2026-06-24 08:29:00+00:00,19,home,Frankfurt,60311.0,DE,office,Frankfurt,60311.0,DE,commute,,public_transport,,5.0,True,False,True
c2l3m4n5-1111-2222-3333-444455556677,f9c2d5b3-1e8a-4f6c-9b0d-2a7e3c4d5f6a,2026-06-24 18:20:00+00:00,2026-06-24 18:41:00+00:00,21,office,Frankfurt,60311.0,DE,home,Frankfurt,60311.0,DE,commute,,public_transport,,5.0,True,False,True
a7b8c9d0-7777-8888-9999-aaaa1111bbbb,c3d4e5f6-cccc-dddd-eeee-ffff22223333,2026-01-03 09:00:00+01:00,2026-01-03 09:45:00+01:00,45,gym,Frankfurt,,DE,home,Frankfurt,60311.0,DE,home_return,,walking,,2.0,False,False,False
b8c9d0e1-8888-9999-aaaa-bbbb2222cccc,c3d4e5f6-cccc-dddd-eeee-ffff22223333,2026-01-03 19:00:00+01:00,2026-01-03 20:30:00+01:00,90,home,Frankfurt,60311.0,DE,restaurant,Frankfurt,,DE,social,,ride_hailing,,5.0,False,False,False
c9d0e1f2-9999-aaaa-bbbb-cccc3333dddd,c3d4e5f6-cccc-dddd-eeee-ffff22223333,2026-01-03 21:00:00+01:00,2026-01-03 21:30:00+01:00,30,restaurant,Frankfurt,,DE,home,Frankfurt,60311.0,DE,home_return,,walking,,5.0,False,False,False
d0e1f2g3-aaaa-bbbb-cccc-dddd4444eeee,c3d4e5f6-cccc-dddd-eeee-ffff22223333,2026-01-04 06:00:00+01:00,2026-01-04 10:30:00+01:00,270,home,Frankfurt,60311.0,DE,Munich Office,Munich,80331.0,DE,commute,,long_distance_train,,400.0,True,False,True
e1f2g3h4-bbbb-cccc-dddd-eeee5555ffff,c3d4e5f6-cccc-dddd-eeee-ffff22223333,2026-01-05 07:00:00+01:00,2026-01-05 11:30:00+01:00,270,Munich Office,Munich,80331.0,DE,home,Frankfurt,60311.0,DE,home_return,,long_distance_train,,400.0,False,False,False
f2g3h4i5-cccc-dddd-eeee-ffff6666gggg,c3d4e5f6-cccc-dddd-eeee-ffff22223333,2026-01-05 13:00:00+01:00,2026-01-05 13:45:00+01:00,45,home,Frankfurt,60311.0,DE,supermarket,Frankfurt,60313.0,DE,shopping,,car_sharing,,4.0,False,False,False
trip-0001-1111-2222-3333-444455556666,c3d4e5f6-cccc-dddd-eeee-ffff22223333,2026-01-15 08:00:00+00:00,2026-01-15 11:30:00+00:00,210,home,Frankfurt,60311.0,DE,train_station,Berlin,,DE,social,,long_distance_train,,425.0,False,False,False
trip-0002-1111-2222-3333-444455556666,c3d4e5f6-cccc-dddd-eeee-ffff22223333,2026-01-15 12:00:00+00:00,2026-01-15 12:20:00+00:00,20,train_station,Berlin,,DE,friend_home,Berlin,,DE,social,,ride_hailing,,5.0,False,False,False
trip-0003-1111-2222-3333-444455556666,c3d4e5f6-cccc-dddd-eeee-ffff22223333,2026-01-15 18:00:00+00:00,2026-01-15 18:20:00+00:00,20,friend_home,Berlin,,DE,train_station,Berlin,,DE,social,,ride_hailing,,5.0,False,False,False
trip-0004-1111-2222-3333-444455556666,c3d4e5f6-cccc-dddd-eeee-ffff22223333,2026-01-15 19:00:00+00:00,2026-01-15 22:30:00+00:00,210,train_station,Berlin,,DE,home,Frankfurt,60311.0,DE,social,,long_distance_train,,425.0,False,False,False
trip-0005-1111-2222-3333-444455556666,c3d4e5f6-cccc-dddd-eeee-ffff22223333,2026-01-17 10:30:00+00:00,2026-01-17 11:00:00+00:00,30,home,Frankfurt,60311.0,DE,supermarket,Frankfurt,,DE,shopping,,public_transport,,8.0,False,False,True
trip-0006-1111-2222-3333-444455556666,c3d4e5f6-cccc-dddd-eeee-ffff22223333,2026-01-17 11:15:00+00:00,2026-01-17 11:45:00+00:00,30,supermarket,Frankfurt,,DE,home,Frankfurt,60311.0,DE,shopping,,public_transport,,8.0,False,False,True
trip-0007-1111-2222-3333-444455556666,c3d4e5f6-cccc-dddd-eeee-ffff22223333,2026-01-19 09:00:00+00:00,2026-01-19 09:20:00+00:00,20,home,Frankfurt,60311.0,DE,client_meeting,Frankfurt,,DE,business,,ride_hailing,,7.0,False,False,False
trip-0008-1111-2222-3333-444455556666,c3d4e5f6-cccc-dddd-eeee-ffff22223333,2026-01-19 17:30:00+00:00,2026-01-19 17:50:00+00:00,20,client_meeting,Frankfurt,,DE,home,Frankfurt,60311.0,DE,business,,ride_hailing,,7.0,False,False,False
trip-0009-1111-2222-3333-444455556666,c3d4e5f6-cccc-dddd-eeee-ffff22223333,2026-01-20 06:30:00+00:00,2026-01-20 09:30:00+00:00,180,home,Frankfurt,60311.0,DE,train_station,Munich,,DE,business,,long_distance_train,,390.0,False,False,False
trip-0010-1111-2222-3333-444455556666,c3d4e5f6-cccc-dddd-eeee-ffff22223333,2026-01-20 09:45:00+00:00,2026-01-20 10:15:00+00:00,30,train_station,Munich,,DE,office,Munich,,DE,business,,ride_hailing,,5.0,False,False,False
trip-0011-1111-2222-3333-444455556666,c3d4e5f6-cccc-dddd-eeee-ffff22223333,2026-01-20 17:30:00+00:00,2026-01-20 18:00:00+00:00,30,office,Munich,,DE,train_station,Munich,,DE,business,,ride_hailing,,5.0,False,False,False
trip-0012-1111-2222-3333-444455556666,c3d4e5f6-cccc-dddd-eeee-ffff22223333,2026-01-20 18:30:00+00:00,2026-01-20 21:30:00+00:00,180,train_station,Munich,,DE,home,Frankfurt,60311.0,DE,business,,long_distance_train,,390.0,False,False,False
d1e2f3a4-1111-2222-3333-444455556666,c3d4e5f6-cccc-dddd-eeee-ffff22223333,2026-01-22 08:00:00+01:00,2026-01-22 11:30:00+01:00,210,home,Frankfurt,60311.0,DE,train_station,Berlin,10115.0,DE,social,,long_distance_train,,550.0,False,True,False
d1e2f3a4-1111-2222-3333-444455556667,c3d4e5f6-cccc-dddd-eeee-ffff22223333,2026-01-22 12:00:00+01:00,2026-01-22 12:15:00+01:00,15,train_station,Berlin,10115.0,DE,friend_home,Berlin,10117.0,DE,social,,ride_hailing,,5.0,False,False,False
d1e2f3a4-1111-2222-3333-444455556668,c3d4e5f6-cccc-dddd-eeee-ffff22223333,2026-01-22 18:30:00+01:00,2026-01-22 18:45:00+01:00,15,friend_home,Berlin,10117.0,DE,train_station,Berlin,10115.0,DE,home_return,,ride_hailing,,5.0,False,False,False
d1e2f3a4-1111-2222-3333-444455556669,c3d4e5f6-cccc-dddd-eeee-ffff22223333,2026-01-22 19:30:00+01:00,2026-01-22 23:00:00+01:00,210,train_station,Berlin,10115.0,DE,home,Frankfurt,60311.0,DE,home_return,,long_distance_train,,550.0,False,True,False
d1e2f3a4-1111-2222-3333-444455556670,c3d4e5f6-cccc-dddd-eeee-ffff22223333,2026-01-23 10:00:00+01:00,2026-01-23 10:20:00+01:00,20,home,Frankfurt,60311.0,DE,supermarket,Frankfurt,60313.0,DE,shopping,,ride_hailing,,8.0,False,False,False
d1e2f3a4-1111-2222-3333-444455556671,c3d4e5f6-cccc-dddd-eeee-ffff22223333,2026-01-23 11:00:00+01:00,2026-01-23 11:20:00+01:00,20,supermarket,Frankfurt,60313.0,DE,home,Frankfurt,60311.0,DE,home_return,,ride_hailing,,8.0,False,False,False
d1e2f3a4-1111-2222-3333-444455556672,c3d4e5f6-cccc-dddd-eeee-ffff22223333,2026-01-24 07:30:00+01:00,2026-01-24 07:45:00+01:00,15,home,Frankfurt,60311.0,DE,gym,Frankfurt,60314.0,DE,sports,,ride_hailing,,6.0,False,False,False
d1e2f3a4-1111-2222-3333-444455556673,c3d4e5f6-cccc-dddd-eeee-ffff22223333,2026-01-24 18:30:00+01:00,2026-01-24 18:45:00+01:00,15,gym,Frankfurt,60314.0,DE,home,Frankfurt,60311.0,DE,home_return,,ride_hailing,,6.0,False,False,False
d1e2f3a4-1111-2222-3333-444455556674,c3d4e5f6-cccc-dddd-eeee-ffff22223333,2026-01-25 08:30:00+01:00,2026-01-25 09:00:00+01:00,30,home,Frankfurt,60311.0,DE,office,Frankfurt,60322.0,DE,commute,,public_transport,,10.0,True,False,True
d1e2f3a4-1111-2222-3333-444455556675,c3d4e5f6-cccc-dddd-eeee-ffff22223333,2026-01-25 12:30:00+01:00,2026-01-25 12:45:00+01:00,15,office,Frankfurt,60322.0,DE,restaurant,Frankfurt,60323.0,DE,leisure,,public_transport,,5.0,False,False,False
d1e2f3a4-1111-2222-3333-444455556676,c3d4e5f6-cccc-dddd-eeee-ffff22223333,2026-01-25 18:00:00+01:00,2026-01-25 18:30:00+01:00,30,restaurant,Frankfurt,60323.0,DE,home,Frankfurt,60311.0,DE,home_return,,public_transport,,10.0,False,False,False
b8c9d0e1-8888-9999-aaaa-bbbbbbccccdd,c3d4e5f6-cccc-dddd-eeee-ffff22223333,2026-02-15 18:30:00+00:00,2026-02-15 18:50:00+00:00,20,home,Frankfurt,60311.0,DE,gym,Frankfurt,,DE,sports,,ride_hailing,,8.0,False,False,True
b1111111-1111-1111-1111-111111111111,c3d4e5f6-cccc-dddd-eeee-ffff22223333,2026-04-13 18:00:00+02:00,2026-04-13 20:30:00+02:00,150,office,Munich,80331.0,DE,home,Frankfurt,60311.0,DE,commute,,long_distance_train,,400.0,True,True,True
b2222222-2222-2222-2222-222222222222,c3d4e5f6-cccc-dddd-eeee-ffff22223333,2026-04-14 09:00:00+02:00,2026-04-14 09:30:00+02:00,30,home,Frankfurt,60311.0,DE,doctor,Frankfurt,,DE,healthcare,,public_transport,,12.0,False,False,False
b3333333-3333-3333-3333-333333333333,c3d4e5f6-cccc-dddd-eeee-ffff22223333,2026-04-14 10:00:00+02:00,2026-04-14 10:05:00+02:00,5,doctor,Frankfurt,,DE,home,Frankfurt,60311.0,DE,healthcare,,walking,,1.0,False,False,False
b1a2c3d4-0001-1111-2222-333344445555,c3d4e5f6-cccc-dddd-eeee-ffff22223333,2026-04-16 07:30:00+02:00,2026-04-16 11:00:00+02:00,210,home,Frankfurt,60311.0,DE,office,Munich,80331.0,DE,business,,long_distance_train,,390.0,True,False,False
b1a2c3d4-0002-1111-2222-333344445556,c3d4e5f6-cccc-dddd-eeee-ffff22223333,2026-04-16 17:30:00+02:00,2026-04-16 21:00:00+02:00,210,office,Munich,80331.0,DE,home,Frankfurt,60311.0,DE,home_return,,long_distance_train,,390.0,False,False,False
b1a2c3d4-0003-1111-2222-333344445557,c3d4e5f6-cccc-dddd-eeee-ffff22223333,2026-04-17 09:00:00+02:00,2026-04-17 09:20:00+02:00,20,home,Frankfurt,60311.0,DE,client_meeting,Frankfurt,60313.0,DE,business,,ride_hailing,,5.0,False,False,False
b1a2c3d4-0004-1111-2222-333344445558,c3d4e5f6-cccc-dddd-eeee-ffff22223333,2026-04-17 10:00:00+02:00,2026-04-17 10:15:00+02:00,15,client_meeting,Frankfurt,60313.0,DE,gym,Frankfurt,,DE,sports,,public_transport,,3.0,False,False,False
b1a2c3d4-0005-1111-2222-333344445559,c3d4e5f6-cccc-dddd-eeee-ffff22223333,2026-04-18 08:00:00+02:00,2026-04-18 12:00:00+02:00,240,home,Frankfurt,60311.0,DE,friend_home,Berlin,,DE,leisure,,long_distance_train,,550.0,False,False,False
b1a2c3d4-0006-1111-2222-333344445560,c3d4e5f6-cccc-dddd-eeee-ffff22223333,2026-04-18 12:15:00+02:00,2026-04-18 12:35:00+02:00,20,train_station,Berlin,,DE,friend_home,Berlin,,DE,social,,ride_hailing,,6.0,False,False,False
b1a2c3d4-0007-1111-2222-333344445561,c3d4e5f6-cccc-dddd-eeee-ffff22223333,2026-04-19 14:00:00+02:00,2026-04-19 18:00:00+02:00,240,friend_home,Berlin,,DE,home,Frankfurt,60311.0,DE,home_return,,long_distance_train,,550.0,False,False,False
b1a2c3d4-0008-1111-2222-333344445562,c3d4e5f6-cccc-dddd-eeee-ffff22223333,2026-04-19 18:30:00+02:00,2026-04-19 18:50:00+02:00,20,home,Frankfurt,60311.0,DE,supermarket,Frankfurt,,DE,shopping,,car_sharing,,8.0,False,False,False
b1a2c3d4-0009-1111-2222-333344445563,c3d4e5f6-cccc-dddd-eeee-ffff22223333,2026-04-20 10:00:00+02:00,2026-04-20 10:15:00+02:00,15,home,Frankfurt,60311.0,DE,doctor,Frankfurt,,DE,healthcare,,public_transport,,4.0,False,False,False
b1a2c3d4-0010-1111-2222-333344445564,c3d4e5f6-cccc-dddd-eeee-ffff22223333,2026-04-21 08:15:00+02:00,2026-04-21 08:45:00+02:00,30,home,Frankfurt,60311.0,DE,office,Frankfurt,60313.0,DE,commute,,regional_train,,10.0,True,False,True
b1a2c3d4-0011-1111-2222-333344445565,c3d4e5f6-cccc-dddd-eeee-ffff22223333,2026-04-21 19:00:00+02:00,2026-04-21 20:30:00+02:00,90,home,Frankfurt,60311.0,DE,concert_city,Cologne,,DE,leisure,,long_distance_train,,190.0,False,False,False
b1a2c3d4-0012-1111-2222-333344445566,c3d4e5f6-cccc-dddd-eeee-ffff22223333,2026-04-21 20:35:00+02:00,2026-04-21 20:50:00+02:00,15,train_station,Cologne,,DE,concert_venue,Cologne,,DE,leisure,,ride_hailing,,5.0,False,False,False
a1b2c3d4-0001-1111-2222-3333-444455556670,e5f6g7h8-1111-2222-3333-444455556670,2026-01-01 08:30:00+01:00,2026-01-01 09:00:00+01:00,30,home,Munich,80331.0,DE,supermarket,Munich,,DE,shopping,,e_scooter,,3.0,False,False,True
a1b2c3d4-0002-1111-2222-3333-444455556671,e5f6g7h8-1111-2222-3333-444455556670,2026-01-01 09:10:00+01:00,2026-01-01 09:30:00+01:00,20,supermarket,Munich,,DE,home,Munich,80331.0,DE,home_return,,e_scooter,,3.0,False,False,True
a1b2c3d4-0003-1111-2222-3333-444455556672,e5f6g7h8-1111-2222-3333-444455556670,2026-01-01 18:00:00+01:00,2026-01-01 18:20:00+01:00,20,home,Munich,80331.0,DE,gym,Munich,,DE,sports,,e_scooter,,2.0,False,False,True
a1b2c3d4-0004-1111-2222-3333-444455556673,e5f6g7h8-1111-2222-3333-444455556670,2026-01-01 19:30:00+01:00,2026-01-01 19:50:00+01:00,20,gym,Munich,,DE,home,Munich,80331.0,DE,home_return,,e_scooter,,2.0,False,False,True
a1b2c3d4-0005-1111-2222-3333-444455556674,e5f6g7h8-1111-2222-3333-444455556670,2026-01-02 12:15:00+01:00,2026-01-02 12:30:00+01:00,15,home,Munich,80331.0,DE,café,Munich,,DE,leisure,,walking,,0.8,False,False,True
a1b2c3d4-0006-1111-2222-3333-444455556675,e5f6g7h8-1111-2222-3333-444455556670,2026-01-02 13:00:00+01:00,2026-01-02 13:15:00+01:00,15,café,Munich,,DE,home,Munich,80331.0,DE,home_return,,walking,,0.8,False,False,True
a1b2c3d4-0007-1111-2222-3333-444455556676,e5f6g7h8-1111-2222-3333-444455556670,2026-01-03 07:00:00+01:00,2026-01-03 10:30:00+01:00,210,train_station,Munich,,DE,friend_home,Frankfurt,,DE,social,,long_distance_train,,400.0,False,False,False
a1b2c3d4-0008-1111-2222-3333-444455556677,e5f6g7h8-1111-2222-3333-444455556670,2026-01-03 18:00:00+01:00,2026-01-03 21:30:00+01:00,210,friend_home,Frankfurt,,DE,train_station,Munich,,DE,home_return,,long_distance_train,,400.0,False,False,False
a1b2c3d4-0009-1111-2222-3333-444455556678,e5f6g7h8-1111-2222-3333-444455556670,2026-01-04 08:00:00+01:00,2026-01-04 12:00:00+01:00,240,train_station,Munich,,DE,friend_home,Cologne,,DE,social,,long_distance_train,,570.0,False,False,False
a1b2c3d4-0010-1111-2222-3333-444455556679,e5f6g7h8-1111-2222-3333-444455556670,2026-01-04 17:00:00+01:00,2026-01-04 21:00:00+01:00,240,friend_home,Cologne,,DE,train_station,Munich,,DE,home_return,,long_distance_train,,570.0,False,False,False
a1b2c3d4-0011-1111-2222-3333-444455556680,e5f6g7h8-1111-2222-3333-444455556670,2026-01-05 10:00:00+01:00,2026-01-05 10:10:00+01:00,10,home,Munich,80331.0,DE,pharmacy,Munich,,DE,errands,,walking,,1.0,False,False,True
a1b2c3d4-0012-1111-2222-3333-444455556681,e5f6g7h8-1111-2222-3333-444455556670,2026-01-05 10:30:00+01:00,2026-01-05 10:40:00+01:00,10,pharmacy,Munich,,DE,home,Munich,80331.0,DE,home_return,,walking,,1.0,False,False,True
b2c3d4e5-1111-2222-3333-444455556672,e5f6g7h8-1111-2222-3333-444455556670,2026-01-22 18:30:00+01:00,2026-01-22 18:42:00+01:00,12,home,Munich,80331.0,DE,gym,Munich,,DE,sports,,walking,,1.0,False,False,True
c3d4e5f6-1111-2222-3333-444455556673,e5f6g7h8-1111-2222-3333-444455556670,2026-01-23 09:00:00+01:00,2026-01-23 09:15:00+01:00,15,home,Munich,80331.0,DE,supermarket,Munich,,DE,shopping,,public_transport,,4.0,False,False,True
d4e5f6g7-1111-2222-3333-444455556674,e5f6g7h8-1111-2222-3333-444455556670,2026-01-23 17:45:00+01:00,2026-01-23 18:00:00+01:00,15,supermarket,Munich,,DE,home,Munich,80331.0,DE,shopping,,public_transport,,4.0,False,False,True
e5f6g7h8-1111-2222-3333-444455556675,e5f6g7h8-1111-2222-3333-444455556670,2026-01-24 09:00:00+01:00,2026-01-24 12:30:00+01:00,210,Munich train station,Munich,80331.0,DE,Frankfurt train station,Frankfurt,60313.0,DE,social,,long_distance_train,,400.0,False,False,False
f6g7h8i9-1111-2222-3333-444455556676,e5f6g7h8-1111-2222-3333-444455556670,2026-01-25 14:00:00+01:00,2026-01-25 17:30:00+01:00,210,Frankfurt train station,Frankfurt,60313.0,DE,Munich train station,Munich,80331.0,DE,social,,long_distance_train,,400.0,False,False,False
g7h8i9j0-1111-2222-3333-444455556677,e5f6g7h8-1111-2222-3333-444455556670,2026-01-25 19:00:00+01:00,2026-01-25 19:20:00+01:00,20,home,Munich,80331.0,DE,park,Munich,,DE,leisure,,walking,,1.5,False,False,False
h8i9j0k1-1111-2222-3333-444455556678,e5f6g7h8-1111-2222-3333-444455556670,2026-01-26 10:15:00+01:00,2026-01-26 10:22:00+01:00,7,home,Munich,80331.0,DE,pharmacy,Munich,,DE,errands,,e_scooter,,2.0,False,False,False
i9j0k1l2-1111-2222-3333-444455556679,e5f6g7h8-1111-2222-3333-444455556670,2026-01-26 16:30:00+01:00,2026-01-26 16:37:00+01:00,7,pharmacy,Munich,,DE,home,Munich,80331.0,DE,errands,,e_scooter,,2.0,False,False,False
j0k1l2m3-1111-2222-3333-444455556680,e5f6g7h8-1111-2222-3333-444455556670,2026-01-27 07:30:00+01:00,2026-01-27 11:30:00+01:00,240,Munich train station,Munich,80331.0,DE,Berlin train station,Berlin,10115.0,DE,commute,,long_distance_train,,585.0,True,False,False
k1l2m3n4-1111-2222-3333-444455556681,e5f6g7h8-1111-2222-3333-444455556670,2026-01-28 13:00:00+01:00,2026-01-28 17:00:00+01:00,240,Berlin train station,Berlin,10115.0,DE,Munich train station,Munich,80331.0,DE,home_return,,long_distance_train,,585.0,False,False,False
l2m3n4o5-1111-2222-3333-444455556682,e5f6g7h8-1111-2222-3333-444455556670,2026-01-28 20:00:00+01:00,2026-01-28 20:10:00+01:00,10,home,Munich,80331.0,DE,supermarket,Munich,,DE,shopping,,e_scooter,,2.0,False,False,False
d4e5f6a7-1111-2222-3333-444455556674,e5f6g7h8-1111-2222-3333-444455556670,2026-02-13 10:00:00+01:00,2026-02-13 10:15:00+01:00,15,home,Munich,80331.0,DE,park,Munich,80331.0,DE,leisure,,walking,,1.0,False,False,False
e5f6a7b8-1111-2222-3333-444455556675,e5f6g7h8-1111-2222-3333-444455556670,2026-02-13 10:30:00+01:00,2026-02-13 10:45:00+01:00,15,park,Munich,80331.0,DE,gym,Munich,80331.0,DE,sports,,e_scooter,,3.0,False,False,False
f6a7b8c9-1111-2222-3333-444455556676,e5f6g7h8-1111-2222-3333-444455556670,2026-02-13 11:30:00+01:00,2026-02-13 11:50:00+01:00,20,gym,Munich,80331.0,DE,home,Munich,80331.0,DE,home_return,,walking,,1.5,False,False,False
a7b8c9d0-1111-2222-3333-444455556677,e5f6g7h8-1111-2222-3333-444455556670,2026-02-14 06:30:00+01:00,2026-02-14 11:00:00+01:00,270,home,Munich,80331.0,DE,office,Berlin,10115.0,DE,business,,long_distance_train,,585.0,True,False,False
b8c9d0e1-1111-2222-3333-444455556678,e5f6g7h8-1111-2222-3333-444455556670,2026-02-14 17:30:00+01:00,2026-02-14 22:00:00+01:00,270,office,Berlin,10115.0,DE,home,Munich,80331.0,DE,home_return,,long_distance_train,,585.0,True,False,False
c9d0e1f2-1111-2222-3333-444455556679,e5f6g7h8-1111-2222-3333-444455556670,2026-02-15 09:00:00+01:00,2026-02-15 09:08:00+01:00,8,home,Munich,80331.0,DE,coworking_space,Munich,80331.0,DE,business,,e_scooter,,2.0,False,False,False
d0e1f2a3-1111-2222-3333-444455556680,e5f6g7h8-1111-2222-3333-444455556670,2026-02-15 12:30:00+01:00,2026-02-15 12:45:00+01:00,15,coworking_space,Munich,80331.0,DE,home,Munich,80331.0,DE,home_return,,walking,,1.5,False,False,False
e1f2a3b4-1111-2222-3333-444455556681,e5f6g7h8-1111-2222-3333-444455556670,2026-02-17 18:00:00+01:00,2026-02-17 22:30:00+01:00,270,home,Munich,80331.0,DE,friend_home,Frankfurt,,DE,social,,long_distance_train,,400.0,False,False,False
f2a3b4c5-1111-2222-3333-444455556682,e5f6g7h8-1111-2222-3333-444455556670,2026-02-25 12:45:00+01:00,2026-02-25 13:00:00+01:00,15,shopping_area,Munich,,DE,home,Munich,80331.0,DE,home_return,,public_transport,,2.0,False,False,True
d1111111-1111-1111-1111-111111111111,e5f6g7h8-1111-2222-3333-444455556670,2026-03-12 08:30:00+01:00,2026-03-12 08:45:00+01:00,15,home,Munich,,DE,supermarket,Munich,,DE,errands,,e_scooter,,3.0,False,False,True
d2222222-2222-2222-2222-222222222222,e5f6g7h8-1111-2222-3333-444455556670,2026-03-12 12:45:00+01:00,2026-03-12 12:52:00+01:00,7,home,Munich,,DE,café,Munich,,DE,leisure,,walking,,0.5,False,False,False
d3333333-3333-3333-3333-333333333333,e5f6g7h8-1111-2222-3333-444455556670,2026-03-12 18:30:00+01:00,2026-03-12 18:42:00+01:00,12,home,Munich,,DE,gym,Munich,,DE,sports,,e_scooter,,2.0,False,False,True
d4444444-4444-4444-4444-444444444444,e5f6g7h8-1111-2222-3333-444455556670,2026-03-13 19:00:00+01:00,2026-03-13 19:12:00+01:00,12,home,Munich,,DE,restaurant,Munich,,DE,leisure,,walking,,1.0,False,False,False
d5555555-5555-5555-5555-555555555555,e5f6g7h8-1111-2222-3333-444455556670,2026-03-14 07:30:00+01:00,2026-03-14 07:40:00+01:00,10,home,Munich,,DE,munich_train_station,Munich,,DE,other,,walking,,0.8,False,False,False
d6666666-6666-6666-6666-666666666666,e5f6g7h8-1111-2222-3333-444455556670,2026-03-14 08:15:00+01:00,2026-03-14 11:45:00+01:00,210,munich_train_station,Munich,,DE,frankfurt_hauptbahnhof,Frankfurt,,DE,social,,long_distance_train,,395.0,False,False,False
d7777777-7777-7777-7777-777777777777,e5f6g7h8-1111-2222-3333-444455556670,2026-03-14 18:00:00+01:00,2026-03-14 18:07:00+01:00,7,frankfurt_hauptbahnhof,Frankfurt,,DE,friend_home,Frankfurt,,DE,social,,walking,,0.5,False,False,False
d8888888-8888-8888-8888-888888888888,e5f6g7h8-1111-2222-3333-444455556670,2026-03-14 22:45:00+01:00,2026-03-15 02:15:00+01:00,210,friend_home,Frankfurt,,DE,home,Munich,,DE,home_return,,long_distance_train,,395.0,False,False,False
d9999999-9999-9999-9999-999999999999,e5f6g7h8-1111-2222-3333-444455556670,2026-03-15 08:00:00+01:00,2026-03-15 08:10:00+01:00,10,home,Munich,,DE,munich_train_station,Munich,,DE,other,,walking,,0.8,False,False,False
daaaaaaaaa-aaaa-aaaa-aaaa-aaaaaaaaaaaa,e5f6g7h8-1111-2222-3333-444455556670,2026-03-15 08:30:00+01:00,2026-03-15 12:30:00+01:00,240,munich_train_station,Munich,,DE,cologne_hauptbahnhof,Cologne,,DE,social,,long_distance_train,,575.0,False,False,False
dbbbbbbb-bbbb-bbbb-bbbb-bbbbbbbbbbbb,e5f6g7h8-1111-2222-3333-444455556670,2026-03-15 13:30:00+01:00,2026-03-15 13:37:00+01:00,7,cologne_hauptbahnhof,Cologne,,DE,friend_home,Cologne,,DE,social,,walking,,0.5,False,False,False
dccccccc-cccc-cccc-cccc-cccccccccccc,e5f6g7h8-1111-2222-3333-444455556670,2026-03-15 19:30:00+01:00,2026-03-15 23:30:00+01:00,240,friend_home,Cologne,,DE,home,Munich,,DE,home_return,,long_distance_train,,575.0,False,False,False
c1a2b3c4-1111-2222-3333-444455556671,e5f6g7h8-1111-2222-3333-444455556670,2026-04-02 08:30:00+01:00,2026-04-02 08:45:00+01:00,15,home,Munich,80331.0,DE,cafe,Munich,80331.0,DE,leisure,,e_scooter,,2.0,False,False,False
c1a2b3c4-1111-2222-3333-444455556672,e5f6g7h8-1111-2222-3333-444455556670,2026-04-02 18:00:00+01:00,2026-04-02 18:20:00+01:00,20,cafe,Munich,80331.0,DE,gym,Munich,80331.0,DE,sports,,e_scooter,,2.5,False,False,False
c1a2b3c4-1111-2222-3333-444455556673,e5f6g7h8-1111-2222-3333-444455556670,2026-04-02 19:00:00+01:00,2026-04-02 19:15:00+01:00,15,gym,Munich,80331.0,DE,home,Munich,80331.0,DE,home_return,,e_scooter,,2.0,False,False,False
c1a2b3c4-1111-2222-3333-444455556674,e5f6g7h8-1111-2222-3333-444455556670,2026-04-03 09:00:00+01:00,2026-04-03 11:30:00+01:00,150,home,Munich,80331.0,DE,friend_home,Frankfurt,60311.0,DE,social,,long_distance_train,,300.0,False,False,False
c1a2b3c4-1111-2222-3333-444455556675,e5f6g7h8-1111-2222-3333-444455556670,2026-04-03 11:45:00+01:00,2026-04-03 12:00:00+01:00,15,train_station,Frankfurt,60311.0,DE,friend_home,Frankfurt,60311.0,DE,social,,walking,,1.0,False,False,False
c1a2b3c4-1111-2222-3333-444455556676,e5f6g7h8-1111-2222-3333-444455556670,2026-04-03 19:00:00+01:00,2026-04-03 19:30:00+01:00,30,friend_home,Frankfurt,60311.0,DE,restaurant,Frankfurt,60311.0,DE,leisure,,walking,,2.0,False,False,False
c1a2b3c4-1111-2222-3333-444455556677,e5f6g7h8-1111-2222-3333-444455556670,2026-04-03 19:45:00+01:00,2026-04-03 20:00:00+01:00,15,restaurant,Frankfurt,60311.0,DE,train_station,Frankfurt,60311.0,DE,social,,walking,,1.0,False,False,False
c1a2b3c4-1111-2222-3333-444455556678,e5f6g7h8-1111-2222-3333-444455556670,2026-04-03 20:30:00+01:00,2026-04-03 23:00:00+01:00,150,train_station,Frankfurt,60311.0,DE,home,Munich,80331.0,DE,home_return,,long_distance_train,,300.0,False,False,False
c1a2b3c4-1111-2222-3333-444455556679,e5f6g7h8-1111-2222-3333-444455556670,2026-04-04 10:00:00+01:00,2026-04-04 10:15:00+01:00,15,home,Munich,80331.0,DE,supermarket,Munich,80331.0,DE,errands,,e_scooter,,2.0,False,False,False
c1a2b3c4-1111-2222-3333-444455556680,e5f6g7h8-1111-2222-3333-444455556670,2026-04-04 12:00:00+01:00,2026-04-04 12:15:00+01:00,15,supermarket,Munich,80331.0,DE,home,Munich,80331.0,DE,home_return,,e_scooter,,2.0,False,False,False
c1a2b3c4-1111-2222-3333-444455556681,e5f6g7h8-1111-2222-3333-444455556670,2026-04-05 07:00:00+01:00,2026-04-05 10:30:00+01:00,210,home,Munich,80331.0,DE,office,Berlin,10115.0,DE,commute,,long_distance_train,,585.0,True,False,False
c1a2b3c4-1111-2222-3333-444455556682,e5f6g7h8-1111-2222-3333-444455556670,2026-04-05 18:00:00+01:00,2026-04-05 21:30:00+01:00,210,office,Berlin,10115.0,DE,home,Munich,80331.0,DE,home_return,,long_distance_train,,585.0,False,False,False
a1b2c3d4-1111-2222-3333-444455550001,e5f6g7h8-1111-2222-3333-444455556670,2026-04-09 08:20:00+02:00,2026-04-09 08:35:00+02:00,15,home,Munich,80331.0,DE,café,Munich,,DE,leisure,,e_scooter,,2.0,False,False,False
a1b2c3d4-1111-2222-3333-444455550002,e5f6g7h8-1111-2222-3333-444455556670,2026-04-09 18:10:00+02:00,2026-04-09 18:30:00+02:00,20,café,Munich,,DE,home,Munich,80331.0,DE,leisure,,walking,,1.5,False,False,False
a1b2c3d4-1111-2222-3333-444455550003,e5f6g7h8-1111-2222-3333-444455556670,2026-04-10 09:45:00+02:00,2026-04-10 10:00:00+02:00,15,home,Munich,80331.0,DE,supermarket,Munich,,DE,shopping,,e_scooter,,1.8,False,False,False
a1b2c3d4-1111-2222-3333-444455550004,e5f6g7h8-1111-2222-3333-444455556670,2026-04-10 15:20:00+02:00,2026-04-10 15:35:00+02:00,15,supermarket,Munich,,DE,gym,Munich,,DE,sports,,e_scooter,,2.0,False,False,False
a1b2c3d4-1111-2222-3333-444455550005,e5f6g7h8-1111-2222-3333-444455556670,2026-04-10 19:00:00+02:00,2026-04-10 19:20:00+02:00,20,gym,Munich,,DE,home,Munich,80331.0,DE,sports,,walking,,2.0,False,False,False
a1b2c3d4-1111-2222-3333-444455550006,e5f6g7h8-1111-2222-3333-444455556670,2026-04-11 07:30:00+02:00,2026-04-11 07:45:00+02:00,15,home,Munich,80331.0,DE,train_station,Munich,80335.0,DE,other,,e_scooter,,2.0,False,False,False
a1b2c3d4-1111-2222-3333-444455550007,e5f6g7h8-1111-2222-3333-444455556670,2026-04-11 08:00:00+02:00,2026-04-11 12:00:00+02:00,240,home,Munich,80331.0,DE,friend_home,Frankfurt,60311.0,DE,social,,long_distance_train,,390.0,False,False,False
a1b2c3d4-1111-2222-3333-444455550008,e5f6g7h8-1111-2222-3333-444455556670,2026-04-11 12:20:00+02:00,2026-04-11 12:45:00+02:00,25,train_station,Frankfurt,60335.0,DE,friend_home,Frankfurt,60311.0,DE,social,,e_scooter,,3.0,False,False,False
a1b2c3d4-1111-2222-3333-444455550009,e5f6g7h8-1111-2222-3333-444455556670,2026-04-11 18:00:00+02:00,2026-04-11 22:00:00+02:00,240,friend_home,Frankfurt,60311.0,DE,home,Munich,80331.0,DE,social,,long_distance_train,,390.0,False,False,False
a1b2c3d4-1111-2222-3333-444455550010,e5f6g7h8-1111-2222-3333-444455556670,2026-04-11 22:15:00+02:00,2026-04-11 22:30:00+02:00,15,train_station,Munich,80335.0,DE,home,Munich,80331.0,DE,other,,e_scooter,,2.0,False,False,False
a1b2c3d4-1111-2222-3333-444455550011,e5f6g7h8-1111-2222-3333-444455556670,2026-04-12 07:00:00+02:00,2026-04-12 07:20:00+02:00,20,home,Munich,80331.0,DE,train_station,Munich,80335.0,DE,other,,e_scooter,,2.0,False,False,False
a1b2c3d4-1111-2222-3333-444455550012,e5f6g7h8-1111-2222-3333-444455556670,2026-04-12 07:30:00+02:00,2026-04-12 11:30:00+02:00,240,home,Munich,80331.0,DE,office,Berlin,10115.0,DE,commute,,long_distance_train,,585.0,True,False,True
a1b2c3d4-0002-1111-2222-3333-4444555566,e5f6g7h8-1111-2222-3333-444455556670,2026-04-23 09:15:00+02:00,2026-04-23 09:40:00+02:00,25,supermarket,Munich,,DE,home,Munich,80331.0,DE,home_return,,walking,,2.0,False,False,True
a1b2c3d4-0003-1111-2222-3333-4444555567,e5f6g7h8-1111-2222-3333-444455556670,2026-04-24 07:30:00+02:00,2026-04-24 07:42:00+02:00,12,home,Munich,80331.0,DE,gym,Munich,,DE,sports,,e_scooter,,3.0,False,False,True
a1b2c3d4-0004-1111-2222-3333-4444555568,e5f6g7h8-1111-2222-3333-444455556670,2026-04-24 07:45:00+02:00,2026-04-24 08:15:00+02:00,30,gym,Munich,,DE,home,Munich,80331.0,DE,home_return,,walking,,3.0,False,False,True
a1b2c3d4-0005-1111-2222-3333-4444555569,e5f6g7h8-1111-2222-3333-444455556670,2026-04-25 08:00:00+02:00,2026-04-25 11:30:00+02:00,210,home,Munich,80331.0,DE,Frankfurt train station,Frankfurt,,DE,social,,long_distance_train,,393.0,False,False,False
a1b2c3d4-0006-1111-2222-3333-4444555570,e5f6g7h8-1111-2222-3333-444455556670,2026-04-25 16:00:00+02:00,2026-04-25 19:30:00+02:00,210,Frankfurt friend_home,Frankfurt,,DE,home,Munich,80331.0,DE,social,,long_distance_train,,393.0,False,False,False
a1b2c3d4-0007-1111-2222-3333-4444555571,e5f6g7h8-1111-2222-3333-444455556670,2026-04-26 10:00:00+02:00,2026-04-26 10:20:00+02:00,20,home,Munich,80331.0,DE,city park,Munich,,DE,leisure,,walking,,1.5,False,False,True
a1b2c3d4-0008-1111-2222-3333-4444555572,e5f6g7h8-1111-2222-3333-444455556670,2026-04-27 08:30:00+02:00,2026-04-27 08:40:00+02:00,10,home,Munich,80331.0,DE,cafe,Munich,,DE,business,,e_scooter,,2.5,False,False,True
a1b2c3d4-0009-1111-2222-3333-4444555573,e5f6g7h8-1111-2222-3333-444455556670,2026-04-27 12:30:00+02:00,2026-04-27 12:50:00+02:00,20,cafe,Munich,,DE,home,Munich,80331.0,DE,home_return,,walking,,2.5,False,False,True
a1b2c3d4-0010-1111-2222-3333-4444555574,e5f6g7h8-1111-2222-3333-444455556670,2026-04-28 09:00:00+02:00,2026-04-28 09:12:00+02:00,12,home,Munich,80331.0,DE,pharmacy,Munich,,DE,errands,,walking,,1.0,False,False,True
a1b2c3d4-0011-1111-2222-3333-4444555575,e5f6g7h8-1111-2222-3333-444455556670,2026-04-29 06:00:00+02:00,2026-04-29 10:00:00+02:00,240,home,Munich,80331.0,DE,Berlin train station,Berlin,,DE,business,,long_distance_train,,585.0,False,False,False
a1b2c3d4-0012-1111-2222-3333-4444555576,e5f6g7h8-1111-2222-3333-444455556670,2026-04-29 16:00:00+02:00,2026-04-29 20:00:00+02:00,240,Berlin office,Berlin,,DE,home,Munich,80331.0,DE,business,,long_distance_train,,585.0,False,False,False
a1b2c3d4-0002-1111-2222-3333-444455556666,e5f6g7h8-1111-2222-3333-444455556670,2026-05-21 09:30:00+00:00,2026-05-21 13:00:00+00:00,210,munich_hbf,Munich,,DE,frankfurt_hbf,Frankfurt,,DE,social,,long_distance_train,,400.0,False,False,False
a1b2c3d4-0003-1111-2222-3333-444455556777,e5f6g7h8-1111-2222-3333-444455556670,2026-05-21 14:00:00+00:00,2026-05-21 17:30:00+00:00,210,frankfurt_hbf,Frankfurt,,DE,munich_hbf,Munich,,DE,home_return,,long_distance_train,,400.0,False,False,False
a1b2c3d4-0004-1111-2222-3333-444455556888,e5f6g7h8-1111-2222-3333-444455556670,2026-05-21 17:45:00+00:00,2026-05-21 17:55:00+00:00,10,munich_hbf,Munich,,DE,home,Munich,80331.0,DE,home_return,,e_scooter,,2.0,False,False,False
a1b2c3d4-0005-1111-2222-3333-444455556999,e5f6g7h8-1111-2222-3333-444455556670,2026-05-23 10:00:00+00:00,2026-05-23 10:12:00+00:00,12,home,Munich,80331.0,DE,supermarket,Munich,,DE,shopping,,e_scooter,,3.0,False,False,True
a1b2c3d4-0006-1111-2222-3333-444455557000,e5f6g7h8-1111-2222-3333-444455556670,2026-05-23 10:20:00+00:00,2026-05-23 10:32:00+00:00,12,supermarket,Munich,,DE,home,Munich,80331.0,DE,home_return,,e_scooter,,3.0,False,False,True
a1b2c3d4-0007-1111-2222-3333-444455557111,e5f6g7h8-1111-2222-3333-444455556670,2026-05-24 18:00:00+00:00,2026-05-24 18:10:00+00:00,10,home,Munich,80331.0,DE,gym,Munich,,DE,sports,,walking,,1.0,False,False,True
a1b2c3d4-0008-1111-2222-3333-444455557222,e5f6g7h8-1111-2222-3333-444455556670,2026-05-24 19:30:00+00:00,2026-05-24 19:40:00+00:00,10,gym,Munich,,DE,home,Munich,80331.0,DE,home_return,,walking,,1.0,False,False,True
a1b2c3d4-0009-1111-2222-3333-444455557333,e5f6g7h8-1111-2222-3333-444455556670,2026-05-26 07:00:00+00:00,2026-05-26 11:30:00+00:00,270,home,Munich,80331.0,DE,office,Berlin,10115.0,DE,commute,,long_distance_train,,600.0,True,False,False
a1b2c3d4-0010-1111-2222-3333-444455557444,e5f6g7h8-1111-2222-3333-444455556670,2026-05-26 16:00:00+00:00,2026-05-26 20:30:00+00:00,270,office,Berlin,10115.0,DE,home,Munich,80331.0,DE,home_return,,long_distance_train,,600.0,False,False,False
e5f6g7h8-1111-2222-3333-000000000001,e5f6g7h8-1111-2222-3333-444455556670,2026-05-28 09:00:00+02:00,2026-05-28 09:20:00+02:00,20,home,Munich,80331.0,DE,café,Munich,,DE,leisure,,e_scooter,,2.0,False,False,True
e5f6g7h8-1111-2222-3333-000000000002,e5f6g7h8-1111-2222-3333-444455556670,2026-05-28 12:30:00+02:00,2026-05-28 13:00:00+02:00,30,café,Munich,,DE,home,Munich,80331.0,DE,leisure,,walking,,1.5,False,False,True
e5f6g7h8-1111-2222-3333-000000000003,e5f6g7h8-1111-2222-3333-444455556670,2026-05-28 18:00:00+02:00,2026-05-28 18:25:00+02:00,25,home,Munich,80331.0,DE,gym,Munich,,DE,sports,,e_scooter,,3.0,False,False,True
e5f6g7h8-1111-2222-3333-000000000004,e5f6g7h8-1111-2222-3333-444455556670,2026-05-29 10:00:00+02:00,2026-05-29 10:45:00+02:00,45,home,Munich,80331.0,DE,park,Munich,,DE,leisure,,walking,,2.0,False,False,True
e5f6g7h8-1111-2222-3333-000000000005,e5f6g7h8-1111-2222-3333-444455556670,2026-05-29 14:30:00+02:00,2026-05-29 16:45:00+02:00,135,home,Munich,80331.0,DE,friend_home,Frankfurt,60311.0,DE,social,,long_distance_train,,390.0,False,False,False
e5f6g7h8-1111-2222-3333-000000000006,e5f6g7h8-1111-2222-3333-444455556670,2026-05-29 18:00:00+02:00,2026-05-29 20:15:00+02:00,135,friend_home,Frankfurt,60311.0,DE,home,Munich,80331.0,DE,home_return,,long_distance_train,,390.0,False,False,False
e5f6g7h8-1111-2222-3333-000000000007,e5f6g7h8-1111-2222-3333-444455556670,2026-05-30 10:30:00+02:00,2026-05-30 10:45:00+02:00,15,home,Munich,80331.0,DE,supermarket,Munich,,DE,shopping,,e_scooter,,2.0,False,False,True
e5f6g7h8-1111-2222-3333-000000000008,e5f6g7h8-1111-2222-3333-444455556670,2026-05-30 12:00:00+02:00,2026-05-30 12:15:00+02:00,15,supermarket,Munich,,DE,home,Munich,80331.0,DE,home_return,,walking,,1.5,False,False,True
e5f6g7h8-1111-2222-3333-000000000009,e5f6g7h8-1111-2222-3333-444455556670,2026-05-31 14:00:00+02:00,2026-05-31 14:30:00+02:00,30,home,Munich,80331.0,DE,doctor,Munich,,DE,healthcare,,public_transport,,5.0,False,False,False
e5f6g7h8-1111-2222-3333-000000000010,e5f6g7h8-1111-2222-3333-444455556670,2026-06-01 07:00:00+02:00,2026-06-01 11:30:00+02:00,270,home,Munich,80331.0,DE,office,Berlin,10115.0,DE,commute,,long_distance_train,,585.0,True,False,False
e5f6g7h8-1111-2222-3333-000000000011,e5f6g7h8-1111-2222-3333-444455556670,2026-06-01 18:00:00+02:00,2026-06-01 22:30:00+02:00,270,office,Berlin,10115.0,DE,home,Munich,80331.0,DE,home_return,,long_distance_train,,585.0,False,False,False
a1b2c3d4-1111-2222-3333-444455556678,e5f6g7h8-1111-2222-3333-444455556670,2026-06-21 10:00:00+00:00,2026-06-21 10:07:00+00:00,7,home,Munich,80331.0,DE,pharmacy,Munich,,DE,errands,,e_scooter,,2.0,False,False,False
a1b2c3d4-1111-2222-3333-444455556679,e5f6g7h8-1111-2222-3333-444455556670,2026-06-21 10:20:00+00:00,2026-06-21 10:27:00+00:00,7,pharmacy,Munich,,DE,home,Munich,80331.0,DE,home_return,,e_scooter,,2.0,False,False,False
a1b2c3d4-1111-2222-3333-444455556680,e5f6g7h8-1111-2222-3333-444455556670,2026-06-22 06:30:00+00:00,2026-06-22 10:30:00+00:00,240,train_station,Munich,80331.0,DE,train_station,Berlin,10115.0,DE,business,,long_distance_train,,585.0,False,False,False
a1b2c3d4-1111-2222-3333-444455556681,e5f6g7h8-1111-2222-3333-444455556670,2026-06-22 18:00:00+00:00,2026-06-22 22:00:00+00:00,240,train_station,Berlin,10115.0,DE,train_station,Munich,80331.0,DE,home_return,,long_distance_train,,585.0,False,False,False
c1a2b3d4-0001-1111-2222-333344445555,e5f6g7h8-1111-2222-3333-444455556670,2026-06-25 08:10:00+02:00,2026-06-25 08:18:00+02:00,8,home,Munich,80331.0,DE,café,Munich,,DE,leisure,,e_scooter,,2.0,False,False,False
c1a2b3d4-0002-1111-2222-333344445555,e5f6g7h8-1111-2222-3333-444455556670,2026-06-25 08:30:00+02:00,2026-06-25 08:38:00+02:00,8,café,Munich,,DE,home,Munich,80331.0,DE,home_return,,e_scooter,,2.0,False,False,False
c1a2b3d4-0003-1111-2222-333344445555,e5f6g7h8-1111-2222-3333-444455556670,2026-06-25 18:20:00+02:00,2026-06-25 18:28:00+02:00,8,home,Munich,80331.0,DE,gym,Munich,,DE,sports,,e_scooter,,2.0,False,False,False
c1a2b3d4-0004-1111-2222-333344445555,e5f6g7h8-1111-2222-3333-444455556670,2026-06-25 19:30:00+02:00,2026-06-25 19:38:00+02:00,8,gym,Munich,,DE,home,Munich,80331.0,DE,home_return,,e_scooter,,2.0,False,False,False
c1a2b3d4-0005-1111-2222-333344445555,e5f6g7h8-1111-2222-3333-444455556670,2026-06-26 09:00:00+02:00,2026-06-26 09:10:00+02:00,10,home,Munich,80331.0,DE,supermarket,Munich,,DE,shopping,,e_scooter,,2.0,False,False,False
c1a2b3d4-0006-1111-2222-333344445555,e5f6g7h8-1111-2222-3333-444455556670,2026-06-26 09:25:00+02:00,2026-06-26 09:35:00+02:00,10,supermarket,Munich,,DE,home,Munich,80331.0,DE,home_return,,e_scooter,,2.0,False,False,False
c1a2b3d4-0007-1111-2222-333344445555,e5f6g7h8-1111-2222-3333-444455556670,2026-06-26 10:30:00+02:00,2026-06-26 14:00:00+02:00,210,home,Munich,80331.0,DE,friend_home,Frankfurt,60311.0,DE,social,,long_distance_train,,400.0,False,False,False
c1a2b3d4-0008-1111-2222-333344445555,e5f6g7h8-1111-2222-3333-444455556670,2026-06-26 18:00:00+02:00,2026-06-26 21:30:00+02:00,210,friend_home,Frankfurt,60311.0,DE,home,Munich,80331.0,DE,home_return,,long_distance_train,,400.0,False,False,False
c1a2b3d4-0009-1111-2222-333344445555,e5f6g7h8-1111-2222-3333-444455556670,2026-06-27 11:00:00+02:00,2026-06-27 11:30:00+02:00,30,home,Munich,80331.0,DE,park,Munich,,DE,leisure,,walking,,1.5,False,False,False
c1a2b3d4-0010-1111-2222-333344445555,e5f6g7h8-1111-2222-3333-444455556670,2026-06-27 12:00:00+02:00,2026-06-27 12:30:00+02:00,30,park,Munich,,DE,home,Munich,80331.0,DE,home_return,,walking,,1.5,False,False,False
c1a2b3d4-0011-1111-2222-333344445555,e5f6g7h8-1111-2222-3333-444455556670,2026-06-28 16:00:00+02:00,2026-06-28 16:10:00+02:00,10,home,Munich,80331.0,DE,pharmacy,Munich,,DE,errands,,walking,,1.0,False,False,False
c1a2b3d4-0012-1111-2222-333344445555,e5f6g7h8-1111-2222-3333-444455556670,2026-06-28 16:20:00+02:00,2026-06-28 16:30:00+02:00,10,pharmacy,Munich,,DE,home,Munich,80331.0,DE,home_return,,walking,,1.0,False,False,False
