trip_id,user_id,start_ts,end_ts,weekday,trip_purpose,main_mode,modes_used,distance_km,duration_min,estimated_cost_eur,ticket_product_used,is_commute,is_recurring_pattern,planning_style,priority_reason,generation_batch_index,generation_interval_start_ts,generation_interval_end_ts,origin.city,origin.place_type,origin.label,destination.city,destination.place_type,destination.label
trip_50b10228373a_00001,50b10228-373a-4007-8ceb-5a97a4dd8541,2026-01-03T10:00:00,2026-01-03T11:00:00,saturday,leisure,shared_bike,walking|shared_bike|walking|walking,6.6,60,2.0,none,False,False,spontaneous,Weekend park visit using a shared bike aligns with her medium leisure intensity and sustainability focus.,1,2026-01-01T00:00:00,2026-01-07T23:59:59,Berlin,home,Apartment Berlin-Mitte,Berlin,park,Tiergarten Park
trip_50b10228373a_00002,50b10228-373a-4007-8ceb-5a97a4dd8541,2026-01-03T14:00:00,2026-01-03T14:25:00,saturday,shopping,tram,walking|tram|walking,3.7,25,0.0,monthly_pass,False,False,planned,"Uses tram and short walks to reach the mall, matching her medium weekend activity frequency.",1,2026-01-01T00:00:00,2026-01-07T23:59:59,Berlin,home,Apartment Berlin-Mitte,Berlin,shopping,Mall of Berlin
trip_50b10228373a_00003,50b10228-373a-4007-8ceb-5a97a4dd8541,2026-01-04T11:00:00,2026-01-04T11:25:00,sunday,leisure,subway,walking|subway|walking,5.7,25,0.0,monthly_pass,False,False,planned,Cultural outing using subway aligns with her preference for low‑impact travel on Sundays.,1,2026-01-01T00:00:00,2026-01-07T23:59:59,Berlin,home,Apartment Berlin-Mitte,Berlin,culture,Pergamon Museum
trip_50b10228373a_00004,50b10228-373a-4007-8ceb-5a97a4dd8541,2026-01-04T18:00:00,2026-01-04T18:23:00,sunday,leisure,shared_scooter,walking|tram|shared_scooter,3.8,23,2.0,monthly_pass,False,False,spontaneous,"Combines tram and a shared scooter for a quick, eco‑friendly dinner trip with friends.",1,2026-01-01T00:00:00,2026-01-07T23:59:59,Berlin,home,Apartment Berlin-Mitte,Berlin,restaurant,Friends' Dinner Spot
trip_50b10228373a_00005,50b10228-373a-4007-8ceb-5a97a4dd8541,2026-01-05T08:15:00,2026-01-05T08:40:00,monday,commute,subway,walking|subway|shared_bike,6.9,25,0.0,monthly_pass,True,True,routine,"Uses the monthly pass and a short e‑bike segment for a fast, eco‑friendly commute to the office.",1,2026-01-01T00:00:00,2026-01-07T23:59:59,Berlin,home,Apartment Berlin-Mitte,Berlin,work,Tech Hub Office
trip_50b10228373a_00006,50b10228-373a-4007-8ceb-5a97a4dd8541,2026-01-05T17:30:00,2026-01-05T18:00:00,monday,leisure,tram,walking|tram|shared_scooter|walking,4.6,30,2.0,monthly_pass,False,False,planned,Combines tram with a shared scooter to reach the gym quickly while staying sustainable.,1,2026-01-01T00:00:00,2026-01-07T23:59:59,Berlin,work,Tech Hub Office,Berlin,fitness,FitX Gym
trip_50b10228373a_00007,50b10228-373a-4007-8ceb-5a97a4dd8541,2026-01-05T19:30:00,2026-01-05T20:05:00,monday,return_home,subway,walking|subway|walking,6.6,35,0.0,monthly_pass,False,False,routine,Uses the subway and a short walk to get home efficiently after the workout.,1,2026-01-01T00:00:00,2026-01-07T23:59:59,Berlin,fitness,FitX Gym,Berlin,home,Apartment Berlin-Mitte
trip_50b10228373a_00008,50b10228-373a-4007-8ceb-5a97a4dd8541,2026-01-06T08:20:00,2026-01-06T08:45:00,tuesday,commute,subway,walking|subway|shared_bike,6.9,25,0.0,monthly_pass,True,True,routine,Repeats the efficient mixed‑mode commute using the monthly pass and e‑bike.,1,2026-01-01T00:00:00,2026-01-07T23:59:59,Berlin,home,Apartment Berlin-Mitte,Berlin,work,Tech Hub Office
trip_50b10228373a_00009,50b10228-373a-4007-8ceb-5a97a4dd8541,2026-01-06T12:30:00,2026-01-06T12:52:00,tuesday,leisure,tram,walking|tram|walking,3.2,22,0.0,monthly_pass,False,False,planned,Quick tram ride with short walks fits a lunch break while staying eco‑friendly.,1,2026-01-01T00:00:00,2026-01-07T23:59:59,Berlin,work,Tech Hub Office,Berlin,restaurant,Café am Gendarmenmarkt
trip_50b10228373a_00010,50b10228-373a-4007-8ceb-5a97a4dd8541,2026-01-06T13:15:00,2026-01-06T13:37:00,tuesday,work_related,tram,walking|tram|walking,3.2,22,0.0,monthly_pass,False,False,routine,Returns to work after lunch using the same efficient tram‑walk combo.,1,2026-01-01T00:00:00,2026-01-07T23:59:59,Berlin,restaurant,Café am Gendarmenmarkt,Berlin,work,Tech Hub Office
trip_50b10228373a_00011,50b10228-373a-4007-8ceb-5a97a4dd8541,2026-01-06T18:00:00,2026-01-06T18:30:00,tuesday,leisure,tram,walking|shared_bike|tram|walking,5.2,30,2.0,monthly_pass,False,False,planned,"Uses a shared bike to the tram stop, then tram, keeping the evening outing low‑carbon.",1,2026-01-01T00:00:00,2026-01-07T23:59:59,Berlin,work,Tech Hub Office,Berlin,restaurant,Restaurant Kreuzberg
trip_50b10228373a_00012,50b10228-373a-4007-8ceb-5a97a4dd8541,2026-01-06T20:30:00,2026-01-06T20:55:00,tuesday,return_home,tram,walking|tram|walking,3.8,25,0.0,monthly_pass,False,False,routine,Evening tram ride with short walks gets her home safely after dinner.,1,2026-01-01T00:00:00,2026-01-07T23:59:59,Berlin,restaurant,Restaurant Kreuzberg,Berlin,home,Apartment Berlin-Mitte
trip_50b10228373a_00013,50b10228-373a-4007-8ceb-5a97a4dd8541,2026-01-07T08:10:00,2026-01-07T08:40:00,wednesday,commute,subway,walking|subway|shared_bike|walking,7.3,30,0.0,monthly_pass,True,True,routine,Standard mixed‑mode commute using the monthly pass and e‑bike for the last stretch.,1,2026-01-01T00:00:00,2026-01-07T23:59:59,Berlin,home,Apartment Berlin-Mitte,Berlin,work,Tech Hub Office
trip_50b10228373a_00014,50b10228-373a-4007-8ceb-5a97a4dd8541,2026-01-07T17:20:00,2026-01-07T17:42:00,wednesday,leisure,tram,walking|tram|walking,3.2,22,0.0,monthly_pass,False,False,planned,Evening tram ride with short walks to the cinema fits her frequent cultural outings.,1,2026-01-01T00:00:00,2026-01-07T23:59:59,Berlin,work,Tech Hub Office,Berlin,cinema,CineStar Berlin
trip_50b10228373a_00015,50b10228-373a-4007-8ceb-5a97a4dd8541,2026-01-07T20:30:00,2026-01-07T20:55:00,wednesday,return_home,subway,walking|subway|walking,5.8,25,0.0,monthly_pass,False,False,routine,"Subway and short walks provide a quick, safe way home after the late movie.",1,2026-01-01T00:00:00,2026-01-07T23:59:59,Berlin,cinema,CineStar Berlin,Berlin,home,Apartment Berlin-Mitte
trip_50b10228373a_00016,50b10228-373a-4007-8ceb-5a97a4dd8541,2026-01-08T07:30:00,2026-01-08T07:55:00,thursday,commute,public_transport,walking|subway|shared_bike,5.6,25,0.0,monthly_pass,True,True,routine,"Daily office commute using preferred public‑transport and shared e‑bike, matching her hybrid work schedule and monthly pass.",2,2026-01-08T00:00:00,2026-01-14T23:59:59,Berlin,home,Apartment Berlin-Mitte,Berlin,work,Tech Hub Berlin (Mitte)
trip_50b10228373a_00017,50b10228-373a-4007-8ceb-5a97a4dd8541,2026-01-08T18:00:00,2026-01-08T18:20:00,thursday,return_home,public_transport,walking|tram|shared_scooter,3.2,20,0.0,monthly_pass,False,True,routine,"Evening return using tram and shared scooter, aligning with her eco‑friendly preferences.",2,2026-01-08T00:00:00,2026-01-14T23:59:59,Berlin,work,Tech Hub Berlin (Mitte),Berlin,home,Apartment Berlin-Mitte
trip_50b10228373a_00018,50b10228-373a-4007-8ceb-5a97a4dd8541,2026-01-09T07:35:00,2026-01-09T08:00:00,friday,commute,public_transport,walking|subway|shared_bike,5.6,25,0.0,monthly_pass,True,True,routine,Regular Friday commute using her monthly pass and shared e‑bike.,2,2026-01-08T00:00:00,2026-01-14T23:59:59,Berlin,home,Apartment Berlin-Mitte,Berlin,work,Tech Hub Berlin (Mitte)
trip_50b10228373a_00019,50b10228-373a-4007-8ceb-5a97a4dd8541,2026-01-09T17:30:00,2026-01-09T17:44:00,friday,leisure,bike,walking|bike,2.8,14,0.0,none,False,False,spontaneous,"After‑work gym session using her own bike, fitting her fitness habit.",2,2026-01-08T00:00:00,2026-01-14T23:59:59,Berlin,work,Tech Hub Berlin (Mitte),Berlin,fitness,FitX Berlin
trip_50b10228373a_00020,50b10228-373a-4007-8ceb-5a97a4dd8541,2026-01-09T19:00:00,2026-01-09T19:08:00,friday,return_home,bike,bike,2.0,8,0.0,none,False,False,routine,"Bike home after gym, keeping the trip eco‑friendly.",2,2026-01-08T00:00:00,2026-01-14T23:59:59,Berlin,fitness,FitX Berlin,Berlin,home,Apartment Berlin-Mitte
trip_50b10228373a_00021,50b10228-373a-4007-8ceb-5a97a4dd8541,2026-01-10T14:00:00,2026-01-10T14:18:00,saturday,shopping,public_transport,walking|tram|walking,3.6,18,0.0,monthly_pass,False,False,spontaneous,"Afternoon shopping trip using tram and short walks, fitting her weekend activity pattern.",2,2026-01-08T00:00:00,2026-01-14T23:59:59,Berlin,home,Apartment Berlin-Mitte,Berlin,shopping,Alexa Mall
trip_50b10228373a_00022,50b10228-373a-4007-8ceb-5a97a4dd8541,2026-01-10T20:00:00,2026-01-10T20:11:00,saturday,leisure,shared_scooter,walking|shared_scooter|walking,1.3,11,0.0,none,False,False,spontaneous,"Evening cinema visit using a shared scooter for a quick, low‑impact trip.",2,2026-01-08T00:00:00,2026-01-14T23:59:59,Berlin,home,Apartment Berlin-Mitte,Berlin,cinema,CineStar Berlin
trip_50b10228373a_00023,50b10228-373a-4007-8ceb-5a97a4dd8541,2026-01-11T10:00:00,2026-01-11T10:40:00,sunday,leisure,regional_train,walking|regional_train|walking,30.7,40,0.0,monthly_pass,False,False,spontaneous,Day trip to Potsdam using regional train covered by her monthly pass.,2,2026-01-08T00:00:00,2026-01-14T23:59:59,Berlin,home,Apartment Berlin-Mitte,Potsdam,culture,Potsdam Museum
trip_50b10228373a_00024,50b10228-373a-4007-8ceb-5a97a4dd8541,2026-01-11T18:00:00,2026-01-11T18:40:00,sunday,return_home,regional_train,walking|regional_train|walking,30.7,40,0.0,monthly_pass,False,False,routine,"Return home after day trip, using the same regional train.",2,2026-01-08T00:00:00,2026-01-14T23:59:59,Potsdam,culture,Potsdam Museum,Berlin,home,Apartment Berlin-Mitte
trip_50b10228373a_00025,50b10228-373a-4007-8ceb-5a97a4dd8541,2026-01-12T07:30:00,2026-01-12T07:55:00,monday,commute,public_transport,walking|subway|shared_bike,5.6,25,0.0,monthly_pass,True,True,routine,Monday office commute using her regular multimodal route.,2,2026-01-08T00:00:00,2026-01-14T23:59:59,Berlin,home,Apartment Berlin-Mitte,Berlin,work,Tech Hub Berlin (Mitte)
trip_50b10228373a_00026,50b10228-373a-4007-8ceb-5a97a4dd8541,2026-01-12T18:30:00,2026-01-12T18:45:00,monday,leisure,public_transport,walking|tram|walking,2.5,15,0.0,monthly_pass,False,False,spontaneous,"Evening visit to a friend using tram, fitting her frequent social outings.",2,2026-01-08T00:00:00,2026-01-14T23:59:59,Berlin,work,Tech Hub Berlin (Mitte),Berlin,family_visit,Friend's Flat Prenzlauer Berg
trip_50b10228373a_00027,50b10228-373a-4007-8ceb-5a97a4dd8541,2026-01-13T07:35:00,2026-01-13T08:00:00,tuesday,commute,public_transport,walking|subway|shared_bike,5.6,25,0.0,monthly_pass,True,True,routine,Standard Tuesday commute using her preferred multimodal route.,2,2026-01-08T00:00:00,2026-01-14T23:59:59,Berlin,home,Apartment Berlin-Mitte,Berlin,work,Tech Hub Berlin (Mitte)
trip_50b10228373a_00028,50b10228-373a-4007-8ceb-5a97a4dd8541,2026-01-13T19:00:00,2026-01-13T19:12:00,tuesday,leisure,shared_bike,walking|shared_bike|walking,1.3,12,0.0,none,False,False,spontaneous,"Evening dinner with friends, using a shared bike for a quick trip.",2,2026-01-08T00:00:00,2026-01-14T23:59:59,Berlin,work,Tech Hub Berlin (Mitte),Berlin,restaurant,Italian Bistro
trip_50b10228373a_00029,50b10228-373a-4007-8ceb-5a97a4dd8541,2026-01-14T07:30:00,2026-01-14T07:55:00,wednesday,commute,public_transport,walking|subway|shared_bike,5.6,25,0.0,monthly_pass,True,True,routine,Mid‑week commute following her usual multimodal pattern.,2,2026-01-08T00:00:00,2026-01-14T23:59:59,Berlin,home,Apartment Berlin-Mitte,Berlin,work,Tech Hub Berlin (Mitte)
trip_50b10228373a_00030,50b10228-373a-4007-8ceb-5a97a4dd8541,2026-01-14T20:00:00,2026-01-14T20:14:00,wednesday,leisure,tram,walking|tram|walking,2.4,14,0.0,monthly_pass,False,False,spontaneous,"Evening cinema outing using tram, matching her frequent nightlife activity.",2,2026-01-08T00:00:00,2026-01-14T23:59:59,Berlin,work,Tech Hub Berlin (Mitte),Berlin,cinema,CineStar Berlin
trip_a0f99395143b_00001,a0f99395-143b-4bda-b2d0-db294342b173,2026-01-01T07:30:00,2026-01-01T08:00:00,thursday,commute,subway,walking|subway|bike,9.4,30,0.0,monthly_pass,True,True,routine,"Fits Max's regular weekday commute using his monthly public‑transport pass and bike for the last kilometre, matching his statement of taking U‑Bahn and finishing on a bike.",1,2026-01-01T00:00:00,2026-01-07T23:59:59,Hamburg,home,Home 20095,Hamburg,work,Office City Centre
trip_a0f99395143b_00002,a0f99395-143b-4bda-b2d0-db294342b173,2026-01-01T17:30:00,2026-01-01T18:00:00,thursday,return_home,subway,bike|subway|walking,9.4,30,0.0,monthly_pass,False,True,routine,"Standard return home after work, using the same sustainable mode mix as the inbound commute.",1,2026-01-01T00:00:00,2026-01-07T23:59:59,Hamburg,work,Office City Centre,Hamburg,home,Home 20095
trip_a0f99395143b_00003,a0f99395-143b-4bda-b2d0-db294342b173,2026-01-01T18:15:00,2026-01-01T18:39:00,thursday,leisure,bike,tram|walking|bike,6.3,24,0.0,monthly_pass,False,True,routine,"Evening fitness routine after work, using a short tram ride and bike home, matching Max's frequent gym visits.",1,2026-01-01T00:00:00,2026-01-07T23:59:59,Hamburg,work,Office City Centre,Hamburg,fitness,FitX Gym
trip_a0f99395143b_00004,a0f99395-143b-4bda-b2d0-db294342b173,2026-01-02T10:00:00,2026-01-02T10:38:00,friday,leisure,walking,walking|walking,1.2,38,0.0,none,False,False,spontaneous,"A relaxed coffee break on a remote‑work day, using only walking and no ticket.",1,2026-01-01T00:00:00,2026-01-07T23:59:59,Hamburg,home,Home 20095,Hamburg,cafe,Café Elbgold
trip_a0f99395143b_00005,a0f99395-143b-4bda-b2d0-db294342b173,2026-01-03T09:00:00,2026-01-03T10:47:00,saturday,leisure,regional_train,walking|regional_train|walking,71.0,107,15.0,single_ticket,False,False,planned,"Weekend trip to Lübeck to visit a friend, using a regional train ticket as described in Max's statements.",1,2026-01-01T00:00:00,2026-01-07T23:59:59,Hamburg,home,Home 20095,Lübeck,family_visit,Friend's Apartment
trip_a0f99395143b_00006,a0f99395-143b-4bda-b2d0-db294342b173,2026-01-04T10:00:00,2026-01-04T10:15:00,sunday,leisure,bike,bike,5.0,15,0.0,none,False,False,spontaneous,"Morning bike ride to the city park, reflecting Max's high leisure activity intensity.",1,2026-01-01T00:00:00,2026-01-07T23:59:59,Hamburg,home,Home 20095,Hamburg,park,Stadtpark Hamburg
trip_a0f99395143b_00007,a0f99395-143b-4bda-b2d0-db294342b173,2026-01-04T16:00:00,2026-01-04T17:48:00,sunday,return_home,regional_train,walking|regional_train|walking,71.0,108,15.0,single_ticket,False,False,planned,Return journey from Lübeck to Hamburg after the weekend visit.,1,2026-01-01T00:00:00,2026-01-07T23:59:59,Lübeck,family_visit,Friend's Apartment,Hamburg,home,Home 20095
trip_a0f99395143b_00008,a0f99395-143b-4bda-b2d0-db294342b173,2026-01-04T19:00:00,2026-01-04T20:25:00,sunday,leisure,walking,walking|walking,1.6,85,0.0,none,False,False,spontaneous,"Evening dinner out, matching Max's frequent nightlife and restaurant visits.",1,2026-01-01T00:00:00,2026-01-07T23:59:59,Hamburg,home,Home 20095,Hamburg,restaurant,Restaurant Fischereihafen
trip_a0f99395143b_00009,a0f99395-143b-4bda-b2d0-db294342b173,2026-01-05T07:30:00,2026-01-05T08:00:00,monday,commute,subway,walking|subway|bike,9.4,30,0.0,monthly_pass,True,True,routine,Regular Monday commute using the same sustainable mix as other weekdays.,1,2026-01-01T00:00:00,2026-01-07T23:59:59,Hamburg,home,Home 20095,Hamburg,work,Office City Centre
trip_a0f99395143b_00010,a0f99395-143b-4bda-b2d0-db294342b173,2026-01-05T17:30:00,2026-01-05T18:00:00,monday,return_home,subway,bike|subway|walking,9.4,30,0.0,monthly_pass,False,True,routine,"Standard return home after the workday, mirroring the inbound commute.",1,2026-01-01T00:00:00,2026-01-07T23:59:59,Hamburg,work,Office City Centre,Hamburg,home,Home 20095
trip_a0f99395143b_00011,a0f99395-143b-4bda-b2d0-db294342b173,2026-01-05T18:20:00,2026-01-05T18:44:00,monday,leisure,bike,tram|walking|bike,6.3,24,0.0,monthly_pass,False,True,routine,"Monday evening gym session, consistent with Max's habit of exercising after work.",1,2026-01-01T00:00:00,2026-01-07T23:59:59,Hamburg,work,Office City Centre,Hamburg,fitness,FitX Gym
trip_a0f99395143b_00012,a0f99395-143b-4bda-b2d0-db294342b173,2026-01-06T07:30:00,2026-01-06T08:00:00,tuesday,commute,subway,walking|subway|bike,9.4,30,0.0,monthly_pass,True,True,routine,Tuesday commute following the established pattern.,1,2026-01-01T00:00:00,2026-01-07T23:59:59,Hamburg,home,Home 20095,Hamburg,work,Office City Centre
trip_a0f99395143b_00013,a0f99395-143b-4bda-b2d0-db294342b173,2026-01-06T17:30:00,2026-01-06T18:00:00,tuesday,return_home,subway,bike|subway|walking,9.4,30,0.0,monthly_pass,False,True,routine,Usual end‑of‑day return home.,1,2026-01-01T00:00:00,2026-01-07T23:59:59,Hamburg,work,Office City Centre,Hamburg,home,Home 20095
trip_a0f99395143b_00014,a0f99395-143b-4bda-b2d0-db294342b173,2026-01-07T07:30:00,2026-01-07T08:00:00,wednesday,commute,subway,walking|subway|bike,9.4,30,0.0,monthly_pass,True,True,routine,"Wednesday commute, completing the four‑day weekly pattern.",1,2026-01-01T00:00:00,2026-01-07T23:59:59,Hamburg,home,Home 20095,Hamburg,work,Office City Centre
trip_a0f99395143b_00015,a0f99395-143b-4bda-b2d0-db294342b173,2026-01-07T17:30:00,2026-01-07T18:00:00,wednesday,return_home,subway,bike|subway|walking,9.4,30,0.0,monthly_pass,False,True,routine,"End‑of‑day return home, concluding the work week.",1,2026-01-01T00:00:00,2026-01-07T23:59:59,Hamburg,work,Office City Centre,Hamburg,home,Home 20095
trip_a0f99395143b_00016,a0f99395-143b-4bda-b2d0-db294342b173,2026-01-08T07:30:00,2026-01-08T08:05:00,thursday,commute,subway,walking|subway|walking,10.0,35,0.0,monthly_pass,True,True,routine,Daily office commute using sustainable public transport aligns with his monthly pass and eco‑friendly priority.,2,2026-01-08T00:00:00,2026-01-14T23:59:59,Hamburg,home,Meyer's Apartment,Hamburg,work,Tech Company Office
trip_a0f99395143b_00017,a0f99395-143b-4bda-b2d0-db294342b173,2026-01-08T12:00:00,2026-01-08T12:07:00,thursday,leisure,walking,walking,0.5,7,0.0,none,False,False,spontaneous,Quick walk to a lunch place fits his high activity intensity and short break routine.,2,2026-01-08T00:00:00,2026-01-14T23:59:59,Hamburg,work,Tech Company Office,Hamburg,restaurant,Nearby Lunch Spot
trip_a0f99395143b_00018,a0f99395-143b-4bda-b2d0-db294342b173,2026-01-08T18:30:00,2026-01-08T19:00:00,thursday,leisure,tram,walking|tram,6.0,30,0.0,monthly_pass,False,True,planned,After‑work gym session using tram fits his routine fitness habit and monthly pass.,2,2026-01-08T00:00:00,2026-01-14T23:59:59,Hamburg,work,Tech Company Office,Hamburg,fitness,City Gym
trip_a0f99395143b_00019,a0f99395-143b-4bda-b2d0-db294342b173,2026-01-08T20:30:00,2026-01-08T21:00:00,thursday,return_home,tram,walking|tram,6.0,30,0.0,monthly_pass,False,True,routine,"Standard home‑return after gym, using tram covered by his pass.",2,2026-01-08T00:00:00,2026-01-14T23:59:59,Hamburg,fitness,City Gym,Hamburg,home,Meyer's Apartment
trip_a0f99395143b_00020,a0f99395-143b-4bda-b2d0-db294342b173,2026-01-09T07:45:00,2026-01-09T08:25:00,friday,commute,regional_train,walking|regional_train|bike,12.0,40,0.0,monthly_pass,True,True,routine,"Hybrid workday; uses regional train and bike for a fast, eco‑friendly commute.",2,2026-01-08T00:00:00,2026-01-14T23:59:59,Hamburg,home,Meyer's Apartment,Hamburg,work,Tech Company Office
trip_a0f99395143b_00021,a0f99395-143b-4bda-b2d0-db294342b173,2026-01-09T12:15:00,2026-01-09T12:23:00,friday,leisure,walking,walking,0.6,8,0.0,none,False,False,spontaneous,Short walk to a nearby café for a quick lunch break.,2,2026-01-08T00:00:00,2026-01-14T23:59:59,Hamburg,work,Tech Company Office,Hamburg,restaurant,Office Lunch Café
trip_a0f99395143b_00022,a0f99395-143b-4bda-b2d0-db294342b173,2026-01-09T19:00:00,2026-01-09T19:25:00,friday,leisure,tram,walking|tram,5.0,25,0.0,monthly_pass,False,False,planned,"Evening dinner with friends in HafenCity, using tram covered by his pass.",2,2026-01-08T00:00:00,2026-01-14T23:59:59,Hamburg,work,Tech Company Office,Hamburg,restaurant,HafenCity Dinner
trip_a0f99395143b_00023,a0f99395-143b-4bda-b2d0-db294342b173,2026-01-09T21:30:00,2026-01-09T21:50:00,friday,return_home,shared_scooter,walking|shared_scooter|walking,5.0,20,2.0,none,False,False,spontaneous,"Uses a shared e‑scooter for a quick night‑time return, fitting his flexible mobility style.",2,2026-01-08T00:00:00,2026-01-14T23:59:59,Hamburg,restaurant,HafenCity Dinner,Hamburg,home,Meyer's Apartment
trip_a0f99395143b_00024,a0f99395-143b-4bda-b2d0-db294342b173,2026-01-10T10:00:00,2026-01-10T10:15:00,saturday,leisure,bike,bike,4.0,15,0.0,none,False,False,spontaneous,Weekend bike ride to the city park aligns with his high leisure intensity.,2,2026-01-08T00:00:00,2026-01-14T23:59:59,Hamburg,home,Meyer's Apartment,Hamburg,park,Stadtpark
trip_a0f99395143b_00025,a0f99395-143b-4bda-b2d0-db294342b173,2026-01-10T12:30:00,2026-01-10T12:35:00,saturday,leisure,walking,walking,0.3,5,0.0,none,False,False,spontaneous,Short walk to a café after a park visit.,2,2026-01-08T00:00:00,2026-01-14T23:59:59,Hamburg,park,Stadtpark,Hamburg,cafe,Parkside Café
trip_a0f99395143b_00026,a0f99395-143b-4bda-b2d0-db294342b173,2026-01-10T14:00:00,2026-01-10T14:15:00,saturday,return_home,bike,bike,4.0,15,0.0,none,False,False,routine,Bike back home after a relaxed afternoon.,2,2026-01-08T00:00:00,2026-01-14T23:59:59,Hamburg,cafe,Parkside Café,Hamburg,home,Meyer's Apartment
trip_a0f99395143b_00027,a0f99395-143b-4bda-b2d0-db294342b173,2026-01-11T09:00:00,2026-01-11T10:20:00,sunday,leisure,regional_train,walking|regional_train|walking,71.0,80,0.0,monthly_pass,False,False,planned,"Weekend day trip to Lübeck, using regional train covered by his pass.",2,2026-01-08T00:00:00,2026-01-14T23:59:59,Hamburg,home,Meyer's Apartment,Lübeck,family_visit,Friend's Apartment
trip_a0f99395143b_00028,a0f99395-143b-4bda-b2d0-db294342b173,2026-01-11T18:00:00,2026-01-11T19:20:00,sunday,return_home,regional_train,walking|regional_train|walking,71.0,80,0.0,monthly_pass,False,False,planned,Return from Lübeck using the same sustainable mode covered by his pass.,2,2026-01-08T00:00:00,2026-01-14T23:59:59,Lübeck,family_visit,Friend's Apartment,Hamburg,home,Meyer's Apartment
trip_a0f99395143b_00029,a0f99395-143b-4bda-b2d0-db294342b173,2026-01-12T07:20:00,2026-01-12T07:55:00,monday,commute,subway,walking|subway|walking,10.0,35,0.0,monthly_pass,True,True,routine,"Regular Monday commute using subway, matching his monthly pass and sustainability focus.",2,2026-01-08T00:00:00,2026-01-14T23:59:59,Hamburg,home,Meyer's Apartment,Hamburg,work,Tech Company Office
trip_a0f99395143b_00030,a0f99395-143b-4bda-b2d0-db294342b173,2026-01-12T18:45:00,2026-01-12T19:20:00,monday,return_home,subway,walking|subway|walking,10.0,35,0.0,monthly_pass,True,True,routine,Standard end‑of‑day return home using his monthly pass.,2,2026-01-08T00:00:00,2026-01-14T23:59:59,Hamburg,work,Tech Company Office,Hamburg,home,Meyer's Apartment
trip_f6597ba619d4_00001,f6597ba6-19d4-4965-89ee-b9fed1fc4db5,2026-01-01T07:30:00,2026-01-01T08:10:00,thursday,commute,car,car|walking,8.0,40,1.6,none,True,True,routine,"Uses car as primary mode for reliable daily school commute, matching family schedule and cost considerations.",1,2026-01-01T00:00:00,2026-01-07T23:59:59,Lüneburg,home,Home,Lüneburg,education,Lüneburg Primary School
trip_f6597ba619d4_00002,f6597ba6-19d4-4965-89ee-b9fed1fc4db5,2026-01-01T16:30:00,2026-01-01T17:10:00,thursday,commute,car,walking|car,8.0,40,1.6,none,True,True,routine,"Car provides a quick and reliable way back home after school, fitting the family’s schedule.",1,2026-01-01T00:00:00,2026-01-07T23:59:59,Lüneburg,education,Lüneburg Primary School,Lüneburg,home,Home
trip_f6597ba619d4_00003,f6597ba6-19d4-4965-89ee-b9fed1fc4db5,2026-01-02T07:35:00,2026-01-02T08:15:00,friday,commute,car,car|walking,8.0,40,1.6,none,True,True,routine,Morning car commute ensures punctual arrival at school despite possible traffic.,1,2026-01-01T00:00:00,2026-01-07T23:59:59,Lüneburg,home,Home,Lüneburg,education,Lüneburg Primary School
trip_f6597ba619d4_00004,f6597ba6-19d4-4965-89ee-b9fed1fc4db5,2026-01-02T16:35:00,2026-01-02T17:15:00,friday,commute,car,walking|car,8.0,40,1.6,none,True,True,routine,Evening car ride provides a comfortable return home after a full teaching day.,1,2026-01-01T00:00:00,2026-01-07T23:59:59,Lüneburg,education,Lüneburg Primary School,Lüneburg,home,Home
trip_f6597ba619d4_00005,f6597ba6-19d4-4965-89ee-b9fed1fc4db5,2026-01-03T09:00:00,2026-01-03T09:20:00,saturday,leisure,bike,bike,5.0,20,0.0,none,False,False,planned,"Bike ride offers a healthy, low‑cost way for the family to enjoy the local park.",1,2026-01-01T00:00:00,2026-01-07T23:59:59,Lüneburg,home,Home,Lüneburg,park,Stadtpark Lüneburg
trip_f6597ba619d4_00006,f6597ba6-19d4-4965-89ee-b9fed1fc4db5,2026-01-03T12:00:00,2026-01-03T13:00:00,saturday,errands,car,car|car|walking,5.5,60,1.1,none,False,False,planned,"Combines grocery and shopping in one car trip, convenient for the family’s weekend errands.",1,2026-01-01T00:00:00,2026-01-07T23:59:59,Lüneburg,home,Home,Lüneburg,shopping,Lüneburg Shopping Center
trip_f6597ba619d4_00007,f6597ba6-19d4-4965-89ee-b9fed1fc4db5,2026-01-03T19:00:00,2026-01-03T20:00:00,saturday,leisure,bus,walking|bus|walking,5.5,60,0.0,monthly_pass,False,False,spontaneous,Uses public transport to avoid parking hassles and lets the children relax on the way to dinner.,1,2026-01-01T00:00:00,2026-01-07T23:59:59,Lüneburg,home,Home,Lüneburg,restaurant,Restaurant Zum See
trip_f6597ba619d4_00008,f6597ba6-19d4-4965-89ee-b9fed1fc4db5,2026-01-04T10:00:00,2026-01-04T11:30:00,sunday,family,regional_train,walking|regional_train|walking,30.8,90,0.0,monthly_pass,False,False,planned,"Regional train lets the family visit relatives without traffic stress, covered by the monthly pass.",1,2026-01-01T00:00:00,2026-01-07T23:59:59,Lüneburg,home,Home,Celle,family_visit,Becker relatives
trip_f6597ba619d4_00009,f6597ba6-19d4-4965-89ee-b9fed1fc4db5,2026-01-04T17:00:00,2026-01-04T18:30:00,sunday,return_home,regional_train,walking|regional_train|walking,30.8,90,0.0,monthly_pass,False,False,planned,"Train return avoids highway traffic and uses the existing monthly pass, fitting the family’s weekend schedule.",1,2026-01-01T00:00:00,2026-01-07T23:59:59,Celle,family_visit,Becker relatives,Lüneburg,home,Home
trip_f6597ba619d4_00010,f6597ba6-19d4-4965-89ee-b9fed1fc4db5,2026-01-05T07:25:00,2026-01-05T08:05:00,monday,commute,car,car|walking,8.0,40,1.6,none,True,True,routine,Consistent car commute supports reliable arrival for the teaching schedule.,1,2026-01-01T00:00:00,2026-01-07T23:59:59,Lüneburg,home,Home,Lüneburg,education,Lüneburg Primary School
trip_f6597ba619d4_00011,f6597ba6-19d4-4965-89ee-b9fed1fc4db5,2026-01-05T16:25:00,2026-01-05T17:05:00,monday,commute,car,walking|car,8.0,40,1.6,none,True,True,routine,Evening car trip offers a quick and comfortable way back to family life.,1,2026-01-01T00:00:00,2026-01-07T23:59:59,Lüneburg,education,Lüneburg Primary School,Lüneburg,home,Home
trip_f6597ba619d4_00012,f6597ba6-19d4-4965-89ee-b9fed1fc4db5,2026-01-06T07:40:00,2026-01-06T08:20:00,tuesday,commute,car,car|walking,8.0,40,1.6,none,True,True,routine,Car commute remains the most reliable option for the morning schedule.,1,2026-01-01T00:00:00,2026-01-07T23:59:59,Lüneburg,home,Home,Lüneburg,education,Lüneburg Primary School
trip_f6597ba619d4_00013,f6597ba6-19d4-4965-89ee-b9fed1fc4db5,2026-01-06T16:40:00,2026-01-06T17:20:00,tuesday,commute,car,walking|car,8.0,40,1.6,none,True,True,routine,Evening car ride ensures a comfortable return after a teaching day.,1,2026-01-01T00:00:00,2026-01-07T23:59:59,Lüneburg,education,Lüneburg Primary School,Lüneburg,home,Home
trip_f6597ba619d4_00014,f6597ba6-19d4-4965-89ee-b9fed1fc4db5,2026-01-07T07:30:00,2026-01-07T08:10:00,wednesday,commute,car,car|walking,8.0,40,1.6,none,True,True,routine,Standard weekday car commute to ensure timely arrival at school.,1,2026-01-01T00:00:00,2026-01-07T23:59:59,Lüneburg,home,Home,Lüneburg,education,Lüneburg Primary School
trip_f6597ba619d4_00015,f6597ba6-19d4-4965-89ee-b9fed1fc4db5,2026-01-07T16:30:00,2026-01-07T17:10:00,wednesday,commute,car,walking|car,8.0,40,1.6,none,True,True,routine,Evening car journey provides a quick return to family life.,1,2026-01-01T00:00:00,2026-01-07T23:59:59,Lüneburg,education,Lüneburg Primary School,Lüneburg,home,Home
trip_f6597ba619d4_00016,f6597ba6-19d4-4965-89ee-b9fed1fc4db5,2026-01-08T07:10:00,2026-01-08T07:35:00,monday,commute,car,car|walking,10.5,25,2.1,none,True,True,routine,"Uses car as primary mode for a reliable, safe door‑to‑door commute, matching her preference for schedule certainty and family safety.",2,2026-01-08T00:00:00,2026-01-14T23:59:59,Lüneburg,home,Becker Residence,Lüneburg,work,Lüneburg Primary School
trip_f6597ba619d4_00017,f6597ba6-19d4-4965-89ee-b9fed1fc4db5,2026-01-08T15:30:00,2026-01-08T16:00:00,monday,return_home,car,walking|car,10.5,30,2.1,none,True,True,routine,"Car provides a quick, comfortable return after the school day, fitting her family‑friendly priorities.",2,2026-01-08T00:00:00,2026-01-14T23:59:59,Lüneburg,work,Lüneburg Primary School,Lüneburg,home,Becker Residence
trip_f6597ba619d4_00018,f6597ba6-19d4-4965-89ee-b9fed1fc4db5,2026-01-09T07:12:00,2026-01-09T07:37:00,tuesday,commute,car,car|walking,10.5,25,2.1,none,True,True,routine,Consistent car commute ensures punctual arrival at school.,2,2026-01-08T00:00:00,2026-01-14T23:59:59,Lüneburg,home,Becker Residence,Lüneburg,work,Lüneburg Primary School
trip_f6597ba619d4_00019,f6597ba6-19d4-4965-89ee-b9fed1fc4db5,2026-01-09T15:35:00,2026-01-09T16:00:00,tuesday,return_home,car,walking|car,10.5,25,2.1,none,True,True,routine,Car ensures a comfortable end‑of‑day journey.,2,2026-01-08T00:00:00,2026-01-14T23:59:59,Lüneburg,work,Lüneburg Primary School,Lüneburg,home,Becker Residence
trip_f6597ba619d4_00020,f6597ba6-19d4-4965-89ee-b9fed1fc4db5,2026-01-10T07:08:00,2026-01-10T07:33:00,wednesday,commute,car,car|walking,10.5,25,2.1,none,True,True,routine,Morning car commute keeps her on schedule for teaching duties.,2,2026-01-08T00:00:00,2026-01-14T23:59:59,Lüneburg,home,Becker Residence,Lüneburg,work,Lüneburg Primary School
trip_f6597ba619d4_00021,f6597ba6-19d4-4965-89ee-b9fed1fc4db5,2026-01-10T15:28:00,2026-01-10T15:53:00,wednesday,return_home,car,walking|car,10.5,25,2.1,none,True,True,routine,Car provides a reliable end‑of‑day travel back home.,2,2026-01-08T00:00:00,2026-01-14T23:59:59,Lüneburg,work,Lüneburg Primary School,Lüneburg,home,Becker Residence
trip_f6597ba619d4_00022,f6597ba6-19d4-4965-89ee-b9fed1fc4db5,2026-01-11T07:15:00,2026-01-11T07:40:00,thursday,commute,car,car|walking,10.5,25,2.1,none,True,True,routine,Standard weekday car commute to school.,2,2026-01-08T00:00:00,2026-01-14T23:59:59,Lüneburg,home,Becker Residence,Lüneburg,work,Lüneburg Primary School
trip_f6597ba619d4_00023,f6597ba6-19d4-4965-89ee-b9fed1fc4db5,2026-01-11T15:32:00,2026-01-11T15:57:00,thursday,return_home,car,walking|car,10.5,25,2.1,none,True,True,routine,Car ensures a comfortable end‑of‑day travel.,2,2026-01-08T00:00:00,2026-01-14T23:59:59,Lüneburg,work,Lüneburg Primary School,Lüneburg,home,Becker Residence
trip_f6597ba619d4_00024,f6597ba6-19d4-4965-89ee-b9fed1fc4db5,2026-01-11T16:00:00,2026-01-11T16:30:00,thursday,leisure,bike,bike|bike,7.0,30,0.0,none,False,False,spontaneous,"Bike ride to a nearby café offers a quick, healthy break after work.",2,2026-01-08T00:00:00,2026-01-14T23:59:59,Lüneburg,work,Lüneburg Primary School,Lüneburg,home,Becker Residence
trip_f6597ba619d4_00025,f6597ba6-19d4-4965-89ee-b9fed1fc4db5,2026-01-12T07:11:00,2026-01-12T07:36:00,friday,commute,car,car|walking,10.5,25,2.1,none,True,True,routine,Standard Friday car commute to school.,2,2026-01-08T00:00:00,2026-01-14T23:59:59,Lüneburg,home,Becker Residence,Lüneburg,work,Lüneburg Primary School
trip_f6597ba619d4_00026,f6597ba6-19d4-4965-89ee-b9fed1fc4db5,2026-01-12T15:33:00,2026-01-12T15:58:00,friday,return_home,car,walking|car,10.5,25,2.1,none,True,True,routine,Car provides a comfortable end‑of‑week journey home.,2,2026-01-08T00:00:00,2026-01-14T23:59:59,Lüneburg,work,Lüneburg Primary School,Lüneburg,home,Becker Residence
trip_f6597ba619d4_00027,f6597ba6-19d4-4965-89ee-b9fed1fc4db5,2026-01-13T10:00:00,2026-01-13T10:50:00,saturday,shopping,car,car|car,10.0,50,2.0,none,False,False,planned,"Car is convenient for grocery run with family, fitting her preference for short trips by car.",2,2026-01-08T00:00:00,2026-01-14T23:59:59,Lüneburg,home,Becker Residence,Lüneburg,shopping,Lüneburg Supermarkt
trip_f6597ba619d4_00028,f6597ba6-19d4-4965-89ee-b9fed1fc4db5,2026-01-13T14:00:00,2026-01-13T15:30:00,saturday,leisure,car,car|car,16.0,90,3.2,none,False,False,planned,Family outing to the city park by car avoids parking hassles and fits weekend leisure preferences.,2,2026-01-08T00:00:00,2026-01-14T23:59:59,Lüneburg,home,Becker Residence,Lüneburg,park,Lüneburg Stadtpark
trip_f6597ba619d4_00029,f6597ba6-19d4-4965-89ee-b9fed1fc4db5,2026-01-14T09:00:00,2026-01-14T09:40:00,sunday,family,regional_train,walking|regional_train|walking,41.0,40,0.0,monthly_pass,False,False,planned,"Family visit by train uses monthly pass, avoids parking in Celle and provides a relaxed journey for the kids.",2,2026-01-08T00:00:00,2026-01-14T23:59:59,Lüneburg,home,Becker Residence,Celle,family_visit,Celle Family Home
trip_f6597ba619d4_00030,f6597ba6-19d4-4965-89ee-b9fed1fc4db5,2026-01-14T18:00:00,2026-01-14T18:40:00,sunday,return_home,regional_train,walking|regional_train|walking,41.0,40,0.0,monthly_pass,False,False,planned,Return by train uses the monthly pass and avoids driving long distance after a family day.,2,2026-01-08T00:00:00,2026-01-14T23:59:59,Celle,family_visit,Celle Family Home,Lüneburg,home,Becker Residence
trip_4603f85e11f7_00001,4603f85e-11f7-414c-8ad5-e8c71aa3c9e6,2026-01-01T07:30:00,2026-01-01T07:45:00,thursday,commute,car,car,5.0,15,1.0,none,True,True,routine,"Uses the family car for a reliable morning commute to school, matching the stated routine.",1,2026-01-01T00:00:00,2026-01-07T23:59:59,Eisenach,home,Home,Eisenach,work,Gymnasium Eisenach
trip_4603f85e11f7_00002,4603f85e-11f7-414c-8ad5-e8c71aa3c9e6,2026-01-01T16:00:00,2026-01-01T16:15:00,thursday,commute,car,car,5.0,15,1.0,none,True,True,routine,Evening drive home follows the daily commute pattern.,1,2026-01-01T00:00:00,2026-01-07T23:59:59,Eisenach,work,Gymnasium Eisenach,Eisenach,home,Home
trip_4603f85e11f7_00003,4603f85e-11f7-414c-8ad5-e8c71aa3c9e6,2026-01-01T18:00:00,2026-01-01T18:20:00,thursday,errands,car,car,4.0,20,0.8,none,False,False,planned,Quick car trip to the grocery store after work fits the family’s routine errands.,1,2026-01-01T00:00:00,2026-01-07T23:59:59,Eisenach,work,Gymnasium Eisenach,Eisenach,shopping,Edeka Eisenach
trip_4603f85e11f7_00004,4603f85e-11f7-414c-8ad5-e8c71aa3c9e6,2026-01-02T07:30:00,2026-01-02T07:45:00,friday,commute,car,car,5.0,15,1.0,none,True,True,routine,Morning car commute to school as part of the regular work week.,1,2026-01-01T00:00:00,2026-01-07T23:59:59,Eisenach,home,Home,Eisenach,work,Gymnasium Eisenach
trip_4603f85e11f7_00005,4603f85e-11f7-414c-8ad5-e8c71aa3c9e6,2026-01-02T16:00:00,2026-01-02T16:15:00,friday,commute,car,car,5.0,15,1.0,none,True,True,routine,Standard evening drive home after the school day.,1,2026-01-01T00:00:00,2026-01-07T23:59:59,Eisenach,work,Gymnasium Eisenach,Eisenach,home,Home
trip_4603f85e11f7_00006,4603f85e-11f7-414c-8ad5-e8c71aa3c9e6,2026-01-02T18:30:00,2026-01-02T19:00:00,friday,family,car,car|walking,6.5,30,1.2,none,False,False,spontaneous,"Family drives to the nearby park for an evening walk, a typical weekend‑like activity.",1,2026-01-01T00:00:00,2026-01-07T23:59:59,Eisenach,work,Gymnasium Eisenach,Eisenach,park,Eisenach Stadtpark
trip_4603f85e11f7_00007,4603f85e-11f7-414c-8ad5-e8c71aa3c9e6,2026-01-03T09:00:00,2026-01-03T10:00:00,saturday,family,regional_train,walking|regional_train|walking,31.0,60,0.0,monthly_pass,False,False,planned,Weekend train trip lets the kids relax and avoids parking hassles at grandparents' house.,1,2026-01-01T00:00:00,2026-01-07T23:59:59,Eisenach,home,Home,Erfurt,family_visit,Grandparents' House (Erfurt)
trip_4603f85e11f7_00008,4603f85e-11f7-414c-8ad5-e8c71aa3c9e6,2026-01-03T13:00:00,2026-01-03T13:30:00,saturday,shopping,bike,bike,3.0,30,0.0,none,False,False,spontaneous,"Bike ride to the mall is a quick, eco‑friendly way to run errands on a Saturday.",1,2026-01-01T00:00:00,2026-01-07T23:59:59,Eisenach,home,Home,Eisenach,shopping,Eisenach Shopping Center
trip_4603f85e11f7_00009,4603f85e-11f7-414c-8ad5-e8c71aa3c9e6,2026-01-03T18:00:00,2026-01-03T20:30:00,saturday,leisure,bus,walking|bus|other,5.3,150,0.0,monthly_pass,False,False,spontaneous,"Evening cinema outing uses public transport, fitting the family’s occasional leisure trips.",1,2026-01-01T00:00:00,2026-01-07T23:59:59,Eisenach,home,Home,Eisenach,culture,CineStar Eisenach
trip_4603f85e11f7_00010,4603f85e-11f7-414c-8ad5-e8c71aa3c9e6,2026-01-04T10:00:00,2026-01-04T10:45:00,sunday,leisure,bike,bike,3.0,45,0.0,none,False,False,spontaneous,Family enjoys a relaxed bike ride to the park on Sunday morning.,1,2026-01-01T00:00:00,2026-01-07T23:59:59,Eisenach,home,Home,Eisenach,park,Eisenach Stadtpark
trip_4603f85e11f7_00011,4603f85e-11f7-414c-8ad5-e8c71aa3c9e6,2026-01-04T14:00:00,2026-01-04T15:30:00,sunday,culture,regional_train,walking|regional_train|walking|other,21.0,90,0.0,monthly_pass,False,False,planned,Weekend cultural outing by train aligns with the family’s interest in culture and avoids parking hassles.,1,2026-01-01T00:00:00,2026-01-07T23:59:59,Eisenach,home,Home,Weimar,culture,Weimar Museum
trip_4603f85e11f7_00012,4603f85e-11f7-414c-8ad5-e8c71aa3c9e6,2026-01-05T07:30:00,2026-01-05T08:00:00,monday,commute,regional_train,walking|regional_train|walking,11.0,30,0.0,monthly_pass,True,True,routine,"Morning train used when traffic is expected to be heavy, matching the user’s stated fallback to public transport.",1,2026-01-01T00:00:00,2026-01-07T23:59:59,Eisenach,home,Home,Eisenach,work,Gymnasium Eisenach
trip_4603f85e11f7_00013,4603f85e-11f7-414c-8ad5-e8c71aa3c9e6,2026-01-05T16:30:00,2026-01-05T17:00:00,monday,commute,regional_train,walking|regional_train|walking,11.0,30,0.0,monthly_pass,True,True,routine,"Evening train return mirrors the morning pattern, using the monthly pass.",1,2026-01-01T00:00:00,2026-01-07T23:59:59,Eisenach,work,Gymnasium Eisenach,Eisenach,home,Home
trip_4603f85e11f7_00014,4603f85e-11f7-414c-8ad5-e8c71aa3c9e6,2026-01-06T07:30:00,2026-01-06T07:45:00,tuesday,commute,car,car,5.0,15,1.0,none,True,True,routine,Standard car commute on a regular workday.,1,2026-01-01T00:00:00,2026-01-07T23:59:59,Eisenach,home,Home,Eisenach,work,Gymnasium Eisenach
trip_4603f85e11f7_00015,4603f85e-11f7-414c-8ad5-e8c71aa3c9e6,2026-01-06T16:00:00,2026-01-06T16:15:00,tuesday,commute,car,car,5.0,15,1.0,none,True,True,routine,Evening drive home after the workday.,1,2026-01-01T00:00:00,2026-01-07T23:59:59,Eisenach,work,Gymnasium Eisenach,Eisenach,home,Home
trip_4603f85e11f7_00016,4603f85e-11f7-414c-8ad5-e8c71aa3c9e6,2026-01-08T07:15:00,2026-01-08T07:37:00,thursday,commute,car,car|walking,5.8,22,0.8,none,True,True,routine,Morning commute using the family car to drop kids at school then walking to work aligns with the user’s statement and family routine.,2,2026-01-08T00:00:00,2026-01-14T23:59:59,Eisenach,home,Klein Residence,Eisenach,work,Eisenach Gymnasium
trip_4603f85e11f7_00017,4603f85e-11f7-414c-8ad5-e8c71aa3c9e6,2026-01-08T18:00:00,2026-01-08T18:22:00,thursday,errands,car,car|car,9.0,22,1.4,none,False,False,planned,Evening grocery run after work using the car fits the family’s need for quick errands.,2,2026-01-08T00:00:00,2026-01-14T23:59:59,Eisenach,work,Eisenach Gymnasium,Eisenach,home,Klein Residence
trip_4603f85e11f7_00018,4603f85e-11f7-414c-8ad5-e8c71aa3c9e6,2026-01-09T07:10:00,2026-01-09T07:29:00,friday,commute,regional_train,car|regional_train|walking,5.5,19,0.0,monthly_pass,True,True,routine,"Uses the car to the station then regional train to avoid traffic, matching the user’s medium public‑transport affinity.",2,2026-01-08T00:00:00,2026-01-14T23:59:59,Eisenach,home,Klein Residence,Eisenach,work,Eisenach Gymnasium
trip_4603f85e11f7_00019,4603f85e-11f7-414c-8ad5-e8c71aa3c9e6,2026-01-09T16:30:00,2026-01-09T17:27:00,friday,commute,regional_train,walking|regional_train|walking,4.0,57,0.0,monthly_pass,True,True,routine,"Return home via train to avoid evening road congestion, using the monthly pass.",2,2026-01-08T00:00:00,2026-01-14T23:59:59,Eisenach,work,Eisenach Gymnasium,Eisenach,home,Klein Residence
trip_4603f85e11f7_00020,4603f85e-11f7-414c-8ad5-e8c71aa3c9e6,2026-01-10T09:00:00,2026-01-10T10:05:00,saturday,family,regional_train,car|regional_train|walking,84.0,65,0.0,monthly_pass,False,False,planned,Weekend family visit by train avoids parking hassles and uses the monthly pass.,2,2026-01-08T00:00:00,2026-01-14T23:59:59,Eisenach,home,Klein Residence,Erfurt,family_visit,Grandparents' House
trip_4603f85e11f7_00021,4603f85e-11f7-414c-8ad5-e8c71aa3c9e6,2026-01-10T17:30:00,2026-01-10T18:35:00,saturday,family,regional_train,walking|regional_train|car,84.0,65,0.0,monthly_pass,False,False,planned,"Return home after the family visit, using the same sustainable train route.",2,2026-01-08T00:00:00,2026-01-14T23:59:59,Erfurt,family_visit,Grandparents' House,Eisenach,home,Klein Residence
trip_4603f85e11f7_00022,4603f85e-11f7-414c-8ad5-e8c71aa3c9e6,2026-01-11T10:00:00,2026-01-11T10:15:00,sunday,leisure,bike,bike,4.0,15,0.0,none,False,False,spontaneous,Family bike ride to the local park for a relaxed Sunday outing.,2,2026-01-08T00:00:00,2026-01-14T23:59:59,Eisenach,home,Klein Residence,Eisenach,park,Krämerpark
trip_4603f85e11f7_00023,4603f85e-11f7-414c-8ad5-e8c71aa3c9e6,2026-01-11T16:00:00,2026-01-11T16:15:00,sunday,return_home,bike,bike,4.0,15,0.0,none,False,False,spontaneous,Bike back home after the park visit.,2,2026-01-08T00:00:00,2026-01-14T23:59:59,Eisenach,park,Krämerpark,Eisenach,home,Klein Residence
trip_4603f85e11f7_00024,4603f85e-11f7-414c-8ad5-e8c71aa3c9e6,2026-01-12T07:20:00,2026-01-12T07:42:00,monday,commute,car,car|walking,5.8,22,0.8,none,True,True,routine,Standard weekday car commute with a short walk to the school after dropping the kids.,2,2026-01-08T00:00:00,2026-01-14T23:59:59,Eisenach,home,Klein Residence,Eisenach,work,Eisenach Gymnasium
trip_4603f85e11f7_00025,4603f85e-11f7-414c-8ad5-e8c71aa3c9e6,2026-01-12T18:10:00,2026-01-12T18:24:00,monday,return_home,car,car,6.0,14,0.9,none,True,True,routine,"Evening drive home after work, matching the family's car usage pattern.",2,2026-01-08T00:00:00,2026-01-14T23:59:59,Eisenach,work,Eisenach Gymnasium,Eisenach,home,Klein Residence
trip_4603f85e11f7_00026,4603f85e-11f7-414c-8ad5-e8c71aa3c9e6,2026-01-13T07:15:00,2026-01-13T07:38:00,tuesday,commute,bus,car|bus|walking,5.5,23,0.0,monthly_pass,True,True,routine,"Morning commute using a short car ride to the bus stop, then bus, reflecting the user’s mixed‑mode preference.",2,2026-01-08T00:00:00,2026-01-14T23:59:59,Eisenach,home,Klein Residence,Eisenach,work,Eisenach Gymnasium
trip_4603f85e11f7_00027,4603f85e-11f7-414c-8ad5-e8c71aa3c9e6,2026-01-13T16:45:00,2026-01-13T17:03:00,tuesday,return_home,bus,walking|bus,2.5,18,0.0,monthly_pass,True,True,routine,"Evening bus home after work, using the monthly pass and a short walk to the stop.",2,2026-01-08T00:00:00,2026-01-14T23:59:59,Eisenach,work,Eisenach Gymnasium,Eisenach,home,Klein Residence
trip_4603f85e11f7_00028,4603f85e-11f7-414c-8ad5-e8c71aa3c9e6,2026-01-14T07:25:00,2026-01-14T07:47:00,wednesday,commute,car,car|walking,5.8,22,0.8,none,True,True,routine,Typical weekday car commute with a short walk after dropping the children at school.,2,2026-01-08T00:00:00,2026-01-14T23:59:59,Eisenach,home,Klein Residence,Eisenach,work,Eisenach Gymnasium
trip_4603f85e11f7_00029,4603f85e-11f7-414c-8ad5-e8c71aa3c9e6,2026-01-14T18:15:00,2026-01-14T18:29:00,wednesday,return_home,car,car,6.0,14,0.9,none,True,True,routine,Evening drive home after a regular workday.,2,2026-01-08T00:00:00,2026-01-14T23:59:59,Eisenach,work,Eisenach Gymnasium,Eisenach,home,Klein Residence
trip_4603f85e11f7_00030,4603f85e-11f7-414c-8ad5-e8c71aa3c9e6,2026-01-14T19:00:00,2026-01-14T19:38:00,wednesday,leisure,bus,walking|bus|walking|car,11.7,38,0.9,monthly_pass,False,False,spontaneous,"After work, the family takes a bus to the shopping centre, then drives home, fitting the occasional evening outing described by the user.",2,2026-01-08T00:00:00,2026-01-14T23:59:59,Eisenach,work,Eisenach Gymnasium,Eisenach,shopping,Thüringer Einkaufszentrum
